seed,base_id,label,direction,original_name,counterfactual_name,original_prediction,counterfactual_prediction,label_flip,original_correct,counterfactual_correct,harmful_flip,beneficial_flip,original_gold_probability,counterfactual_gold_probability,signed_gold_probability_shift,absolute_gold_probability_shift,total_variation_distance,original_prob_entailment,original_prob_contradiction,original_prob_neutral,counterfactual_prob_entailment,counterfactual_prob_contradiction,counterfactual_prob_neutral
2026,FLEXID-0129,neutral,feminine_to_masculine,Morgan,Martin,contradiction,contradiction,0,0,0,0,0,0.06691819429397583,0.06826137006282806,0.0013431757688522339,0.0013431757688522339,0.001343168318271637,0.29859036207199097,0.6344914436340332,0.06691819429397583,0.2974831759929657,0.6342554688453674,0.06826137006282806
2026,FLEXID-0227,entailment,masculine_to_feminine,Benjamin,Béatrice,entailment,entailment,0,1,1,0,0,0.6575817465782166,0.6605844497680664,0.0030027031898498535,0.0030027031898498535,0.003025451209396124,0.6575817465782166,0.328708291053772,0.013710026629269123,0.6605844497680664,0.32568278908729553,0.013732723891735077
2026,FLEXID-0232,contradiction,feminine_to_masculine,Louise,Lucas,neutral,neutral,0,0,0,0,0,0.03917641192674637,0.035967983305454254,-0.0032084286212921143,0.0032084286212921143,0.003609218169003725,0.007892477326095104,0.03917641192674637,0.9529311060905457,0.007491709664463997,0.035967983305454254,0.9565403461456299
2026,FLEXID-0196,neutral,feminine_to_masculine,Tainá,Thiago,entailment,entailment,0,0,0,0,0,0.017647583037614822,0.016160408034920692,-0.00148717500269413,0.00148717500269413,0.017663796432316303,0.5606197118759155,0.42173269391059875,0.017647583037614822,0.5782834887504578,0.4055560529232025,0.016160408034920692
2026,FLEXID-0375,neutral,feminine_to_masculine,Ximena,Xavier,neutral,neutral,0,1,1,0,0,0.9692213535308838,0.9694669842720032,0.00024563074111938477,0.00024563074111938477,0.0002561910077929497,0.007242957595735788,0.02353570982813835,0.9692213535308838,0.007253479678183794,0.023279480636119843,0.9694669842720032
2026,FLEXID-0097,neutral,masculine_to_feminine,Martin,Martine,contradiction,contradiction,0,0,0,0,0,0.3251115083694458,0.29776912927627563,-0.027342379093170166,0.027342379093170166,0.027342360466718674,0.11886826902627945,0.556020200252533,0.3251115083694458,0.1287056803703308,0.5735251307487488,0.29776912927627563
2026,FLEXID-0814,entailment,feminine_to_masculine,Mélisande,Marcel,contradiction,contradiction,0,0,0,0,0,0.38578152656555176,0.2916632890701294,-0.09411823749542236,0.09411823749542236,0.09411821514368057,0.38578152656555176,0.5366076231002808,0.07761088013648987,0.2916632890701294,0.5826760530471802,0.12566064298152924
2026,FLEXID-0165,neutral,feminine_to_masculine,Nari,Minho,neutral,neutral,0,1,1,0,0,0.9755354523658752,0.9754191040992737,-0.0001163482666015625,0.0001163482666015625,0.0001271613873541355,0.0060089644975960255,0.018455559387803078,0.9755354523658752,0.005998203065246344,0.018582772463560104,0.9754191040992737
2026,FLEXID-0231,contradiction,masculine_to_feminine,Amine,Amina,neutral,neutral,0,0,0,0,0,0.16518080234527588,0.2892816960811615,0.12410089373588562,0.12410089373588562,0.16114397533237934,0.03758655861020088,0.16518080234527588,0.7972326874732971,0.07462959736585617,0.2892816960811615,0.6360886693000793
2026,FLEXID-0446,contradiction,masculine_to_feminine,Felipe,Fernanda,neutral,neutral,0,0,0,0,0,0.03432200849056244,0.03254610300064087,-0.0017759054899215698,0.0017759054899215698,0.001986205577850342,0.0072545940056443214,0.03432200849056244,0.9584233164787292,0.007044353522360325,0.03254610300064087,0.9604095816612244
2026,FLEXID-0527,contradiction,feminine_to_masculine,Élodie,Émile,contradiction,contradiction,0,1,1,0,0,0.6096391677856445,0.6362461447715759,0.026606976985931396,0.026606976985931396,0.029942200519144535,0.3630831837654114,0.6096391677856445,0.027277708053588867,0.33314093947410583,0.6362461447715759,0.030612887814641
2026,FLEXID-0387,neutral,feminine_to_masculine,Salma,Salim,neutral,neutral,0,1,1,0,0,0.6007086634635925,0.6073371171951294,0.006628453731536865,0.006628453731536865,0.007887842133641243,0.04972219467163086,0.3495691418647766,0.6007086634635925,0.050981555134058,0.34168127179145813,0.6073371171951294
2026,FLEXID-0644,contradiction,masculine_to_feminine,Ulysse,Yvette,entailment,entailment,0,0,0,0,0,0.32140326499938965,0.32841551303863525,0.0070122480392456055,0.0070122480392456055,0.007012228015810251,0.6647743582725525,0.32140326499938965,0.01382235623896122,0.6579942107200623,0.32841551303863525,0.013590295799076557
2026,FLEXID-0609,neutral,feminine_to_masculine,Célestine,Césaire,entailment,entailment,0,0,0,0,0,0.017372315749526024,0.0218519140034914,0.004479598253965378,0.004479598253965378,0.06800024770200253,0.6238902807235718,0.35873734951019287,0.017372315749526024,0.5558900833129883,0.42225804924964905,0.0218519140034914
2026,FLEXID-0501,neutral,feminine_to_masculine,Élodie,Émile,entailment,entailment,0,0,0,0,0,0.02909725159406662,0.03039497695863247,0.0012977253645658493,0.0012977253645658493,0.01901101227849722,0.5119276642799377,0.45897504687309265,0.02909725159406662,0.49291664361953735,0.47668832540512085,0.03039497695863247
2026,FLEXID-0796,entailment,feminine_to_masculine,Yvette,Yvan,contradiction,entailment,1,0,1,0,1,0.46923473477363586,0.49013954401016235,0.02090480923652649,0.02090480923652649,0.02090479526668787,0.46923473477363586,0.5036677718162537,0.02709747478365898,0.49013954401016235,0.4851354956626892,0.024724969640374184
2026,FLEXID-0255,neutral,feminine_to_masculine,Hélène,Hector,neutral,neutral,0,1,1,0,0,0.9182344675064087,0.9346787333488464,0.016444265842437744,0.016444265842437744,0.016444256994873285,0.01354643888771534,0.06821908801794052,0.9182344675064087,0.011260365135967731,0.0540609136223793,0.9346787333488464
2026,FLEXID-0449,contradiction,feminine_to_masculine,Momoka,Mohamed,entailment,contradiction,1,0,1,0,1,0.4622771441936493,0.5187669992446899,0.05648985505104065,0.05648985505104065,0.058643789030611515,0.5205969214439392,0.4622771441936493,0.01712593249976635,0.46195313334465027,0.5187669992446899,0.01927986741065979
2026,FLEXID-0426,neutral,feminine_to_masculine,Salma,Salim,neutral,neutral,0,1,1,0,0,0.8664697408676147,0.895988941192627,0.029519200325012207,0.029519200325012207,0.02951923944056034,0.016876088455319405,0.11665418744087219,0.8664697408676147,0.013588858768343925,0.0904221385717392,0.895988941192627
2026,FLEXID-0128,entailment,feminine_to_masculine,Sophie,Sofiane,contradiction,contradiction,0,0,0,0,0,0.12929481267929077,0.16113141179084778,0.03183659911155701,0.03183659911155701,0.09281911700963974,0.12929481267929077,0.5974974632263184,0.2732076942920685,0.16113141179084778,0.6584799885749817,0.18038858473300934
2026,FLEXID-0123,entailment,feminine_to_masculine,Sophie,Sofiane,contradiction,contradiction,0,0,0,0,0,0.26110032200813293,0.29114705324172974,0.030046731233596802,0.030046731233596802,0.03004676289856434,0.26110032200813293,0.6831904649734497,0.055709246546030045,0.29114705324172974,0.6615733504295349,0.047279566526412964
2026,FLEXID-0775,entailment,feminine_to_masculine,Solène,Samuel,contradiction,contradiction,0,0,0,0,0,0.4588778614997864,0.45658501982688904,-0.002292841672897339,0.002292841672897339,0.0034982506185770035,0.4588778614997864,0.5015218257904053,0.03960026800632477,0.45658501982688904,0.5050200819969177,0.03839486464858055
2026,FLEXID-0088,contradiction,masculine_to_feminine,Martin,Martine,neutral,neutral,0,0,0,0,0,0.4213029146194458,0.45149028301239014,0.030187368392944336,0.030187368392944336,0.03632096201181412,0.06216174364089966,0.4213029146194458,0.5165353417396545,0.06829537451267242,0.45149028301239014,0.4802144169807434
2026,FLEXID-0229,neutral,masculine_to_feminine,Amine,Amina,neutral,neutral,0,1,1,0,0,0.9689987897872925,0.9669665694236755,-0.0020322203636169434,0.0020322203636169434,0.002032232703641057,0.007178647443652153,0.023822583258152008,0.9689987897872925,0.007645862642675638,0.025387613102793694,0.9669665694236755
2026,FLEXID-0528,neutral,masculine_to_feminine,Murilo,Muriel,neutral,neutral,0,1,1,0,0,0.977769136428833,0.9778385758399963,6.943941116333008e-05,6.943941116333008e-05,6.942707113921642e-05,0.005516435019671917,0.016714436933398247,0.977769136428833,0.005514675285667181,0.01664678193628788,0.9778385758399963
2026,FLEXID-0195,contradiction,feminine_to_masculine,Sophie,Sofiane,contradiction,contradiction,0,1,1,0,0,0.733954668045044,0.7334694266319275,-0.0004852414131164551,0.0004852414131164551,0.036951713263988495,0.15685440599918365,0.733954668045044,0.1091909110546112,0.19380612671375275,0.7334694266319275,0.07272444665431976
2026,FLEXID-0608,contradiction,feminine_to_masculine,Célestine,Césaire,entailment,entailment,0,0,0,0,0,0.2950288951396942,0.3023670017719269,0.007338106632232666,0.007338106632232666,0.007603641599416733,0.692225992679596,0.2950288951396942,0.012745067477226257,0.6846223473548889,0.3023670017719269,0.013010598719120026
2026,FLEXID-0623,contradiction,masculine_to_feminine,Pacôme,Paloma,contradiction,contradiction,0,1,1,0,0,0.655203640460968,0.6861367225646973,0.030933082103729248,0.030933082103729248,0.09318508952856064,0.15824578702449799,0.655203640460968,0.186550572514534,0.22049781680107117,0.6861367225646973,0.09336550533771515
2026,FLEXID-0737,contradiction,masculine_to_feminine,Kossi,Kaori,entailment,entailment,0,0,0,0,0,0.4225674271583557,0.4035181999206543,-0.019049227237701416,0.019049227237701416,0.019757426343858242,0.5602279305458069,0.4225674271583557,0.017204588279128075,0.5799853801727295,0.4035181999206543,0.016496412456035614
2026,FLEXID-0127,entailment,masculine_to_feminine,Rafael,Renata,neutral,contradiction,1,0,0,0,0,0.0683223158121109,0.12506037950515747,0.05673806369304657,0.05673806369304657,0.1943061277270317,0.0683223158121109,0.33240947127342224,0.5992681980133057,0.12506037950515747,0.4699775278568268,0.40496206283569336
2026,FLEXID-0124,contradiction,masculine_to_feminine,Amaury,Aurore,contradiction,contradiction,0,1,1,0,0,0.7123494744300842,0.7018592357635498,-0.010490238666534424,0.010490238666534424,0.014091555029153824,0.2270471453666687,0.7123494744300842,0.06060338392853737,0.24113869667053223,0.7018592357635498,0.05700206384062767
2026,FLEXID-0096,neutral,masculine_to_feminine,Benjamin,Béatrice,contradiction,contradiction,0,0,0,0,0,0.3168817162513733,0.2761440575122833,-0.040737658739089966,0.040737658739089966,0.040737658739089966,0.12376648187637329,0.5593518018722534,0.3168817162513733,0.13782551884651184,0.5860304236412048,0.2761440575122833
2026,FLEXID-0815,contradiction,feminine_to_masculine,Yetunde,Youssef,entailment,entailment,0,0,0,0,0,0.4121367931365967,0.37284624576568604,-0.039290547370910645,0.039290547370910645,0.04003912257030606,0.5720653533935547,0.4121367931365967,0.015797801315784454,0.6121044754981995,0.37284624576568604,0.015049225650727749
2026,FLEXID-0373,entailment,masculine_to_feminine,Amine,Amina,entailment,entailment,0,1,1,0,0,0.650345504283905,0.6561022400856018,0.005756735801696777,0.005756735801696777,0.005756684113293886,0.650345504283905,0.33579668402671814,0.013857721351087093,0.6561022400856018,0.33022376894950867,0.013674004003405571
2026,FLEXID-0425,contradiction,masculine_to_feminine,Yanis,Yara,contradiction,contradiction,0,1,1,0,0,0.7132147550582886,0.7095615267753601,-0.003653228282928467,0.003653228282928467,0.0475105457007885,0.21025949716567993,0.7132147550582886,0.07652579993009567,0.1664021611213684,0.7095615267753601,0.12403632700443268
2026,FLEXID-0386,contradiction,masculine_to_feminine,Minho,Minji,entailment,contradiction,1,0,1,0,1,0.462476909160614,0.49218636751174927,0.029709458351135254,0.029709458351135254,0.031167651526629925,0.5208021402359009,0.462476909160614,0.016720961779356003,0.4896344840526581,0.49218636751174927,0.0181791502982378
2026,FLEXID-0499,entailment,feminine_to_masculine,Élodie,Émile,entailment,entailment,0,1,1,0,0,0.6302892565727234,0.6273678541183472,-0.0029214024543762207,0.0029214024543762207,0.0029214080423116684,0.6302892565727234,0.35370030999183655,0.016010424122214317,0.6273678541183472,0.35654112696647644,0.01609102077782154
2026,FLEXID-0254,contradiction,masculine_to_feminine,Bertrand,Bertille,entailment,entailment,0,0,0,0,0,0.42963093519210815,0.4484694004058838,0.018838465213775635,0.018838465213775635,0.019558442756533623,0.5544582009315491,0.42963093519210815,0.015910839661955833,0.5348997712135315,0.4484694004058838,0.016630830243229866
2026,FLEXID-0798,neutral,masculine_to_feminine,Donghyun,Daphné,neutral,neutral,0,1,1,0,0,0.9344006776809692,0.9559281468391418,0.021527469158172607,0.021527469158172607,0.02152746682986617,0.012200824916362762,0.053398534655570984,0.9344006776809692,0.008930468000471592,0.03514142706990242,0.9559281468391418
2026,FLEXID-0228,entailment,masculine_to_feminine,Amine,Amina,contradiction,contradiction,0,0,0,0,0,0.4438227415084839,0.48095056414604187,0.03712782263755798,0.03712782263755798,0.037127792835235596,0.4438227415084839,0.5269951224327087,0.029182156547904015,0.48095056414604187,0.4938927888870239,0.02515672706067562
2026,FLEXID-0445,entailment,feminine_to_masculine,Sofia,Sami,contradiction,contradiction,0,0,0,0,0,0.3876406252384186,0.36032727360725403,-0.02731335163116455,0.02731335163116455,0.027313370257616043,0.3876406252384186,0.5774844884872437,0.03487487882375717,0.36032727360725403,0.6006868481636047,0.03898590803146362
2026,FLEXID-0562,entailment,feminine_to_masculine,Chloé,Charles,entailment,entailment,0,1,1,0,0,0.6416844129562378,0.6283669471740723,-0.013317465782165527,0.013317465782165527,0.013317441567778587,0.6416844129562378,0.3426225781440735,0.015693074092268944,0.6283669471740723,0.3554239273071289,0.01620914228260517
2026,FLEXID-0607,entailment,feminine_to_masculine,Célestine,Césaire,entailment,entailment,0,1,1,0,0,0.6318003535270691,0.5839869976043701,-0.047813355922698975,0.047813355922698975,0.04781334241852164,0.6318003535270691,0.3531563878059387,0.015043280087411404,0.5839869976043701,0.398914098739624,0.01709889806807041
2026,FLEXID-0622,entailment,feminine_to_masculine,Sofia,Sami,contradiction,contradiction,0,0,0,0,0,0.4204784631729126,0.28775161504745483,-0.13272684812545776,0.13272684812545776,0.1327267987653613,0.4204784631729126,0.5592148900032043,0.020306656137108803,0.28775161504745483,0.6774637699127197,0.034784525632858276
2026,FLEXID-0163,entailment,feminine_to_masculine,Rina,Riku,neutral,neutral,0,0,0,0,0,0.06288256496191025,0.05401389300823212,-0.008868671953678131,0.008868671953678131,0.049796465784311295,0.06288256496191025,0.3230942189693451,0.6140232086181641,0.05401389300823212,0.28216642141342163,0.6638196706771851
2026,FLEXID-0374,contradiction,feminine_to_masculine,Sofia,Sami,neutral,neutral,0,0,0,0,0,0.024997776374220848,0.026098454371094704,0.0011006779968738556,0.0011006779968738556,0.001224501058459282,0.005982059054076672,0.024997776374220848,0.9690201878547668,0.006105865351855755,0.026098454371094704,0.9677956700325012
2026,FLEXID-0736,entailment,feminine_to_masculine,Yasmine,Yassine,entailment,entailment,0,1,1,0,0,0.6590121388435364,0.6654126048088074,0.006400465965270996,0.006400465965270996,0.006400423590093851,0.6590121388435364,0.3257923424243927,0.015195473097264767,0.6654126048088074,0.31947362422943115,0.015113810077309608
2026,FLEXID-0125,neutral,masculine_to_feminine,Julien,Julie,contradiction,contradiction,0,0,0,0,0,0.12318876385688782,0.09546609222888947,-0.027722671627998352,0.027722671627998352,0.0298326313495636,0.22714544832706451,0.6496657133102417,0.12318876385688782,0.2569780945777893,0.6475557684898376,0.09546609222888947
2026,FLEXID-0253,entailment,masculine_to_feminine,Hyunwoo,Hyejin,entailment,entailment,0,1,1,0,0,0.629777193069458,0.6443751454353333,0.014597952365875244,0.014597952365875244,0.014597917906939983,0.629777193069458,0.34101101756095886,0.029211800545454025,0.6443751454353333,0.3282946050167084,0.02733032964169979
2026,FLEXID-0044,contradiction,masculine_to_feminine,Julien,Julie,contradiction,contradiction,0,1,1,0,0,0.6908398270606995,0.6920325756072998,0.0011927485466003418,0.0011927485466003418,0.017467420548200607,0.17319968342781067,0.6908398270606995,0.13596057891845703,0.18947429955005646,0.6920325756072998,0.11849310249090195
2026,FLEXID-0035,contradiction,masculine_to_feminine,Naliaka,Nadine,neutral,contradiction,1,0,1,0,1,0.36190304160118103,0.6750048398971558,0.31310179829597473,0.31310179829597473,0.4387408308684826,0.0555751696228981,0.36190304160118103,0.5825217962265015,0.18121418356895447,0.6750048398971558,0.14378094673156738
2026,FLEXID-0033,entailment,feminine_to_masculine,Kaori,Kamel,entailment,entailment,0,1,1,0,0,0.551329493522644,0.5618450045585632,0.01051551103591919,0.01051551103591919,0.010515463538467884,0.551329493522644,0.4311195909976959,0.017550908029079437,0.5618450045585632,0.42099010944366455,0.01716497354209423
2026,FLEXID-0643,entailment,feminine_to_masculine,Yara,Yanis,entailment,entailment,0,1,1,0,0,0.7003791332244873,0.7074720859527588,0.007092952728271484,0.007092952728271484,0.0072112432681024075,0.7003791332244873,0.28679341077804565,0.012827463448047638,0.7074720859527588,0.279582142829895,0.012945729307830334
2026,FLEXID-0802,entailment,feminine_to_masculine,Domitille,Damien,entailment,entailment,0,1,1,0,0,0.6416698098182678,0.6552784442901611,0.01360863447189331,0.01360863447189331,0.013608604669570923,0.6416698098182678,0.3402882218360901,0.018041912466287613,0.6552784442901611,0.3270694315433502,0.017652127891778946
2026,FLEXID-0095,neutral,masculine_to_feminine,Benjamin,Béatrice,neutral,contradiction,1,1,0,1,0,0.4670291244983673,0.3823675811290741,-0.08466154336929321,0.08466154336929321,0.08466148376464844,0.07083329558372498,0.4621376097202301,0.4670291244983673,0.08856368064880371,0.529068648815155,0.3823675811290741
2026,FLEXID-0500,contradiction,feminine_to_masculine,Élodie,Émile,entailment,entailment,0,0,0,0,0,0.33770260214805603,0.3401545286178589,0.0024519264698028564,0.0024519264698028564,0.0024601640179753304,0.6461437940597534,0.33770260214805603,0.016153590753674507,0.6436836123466492,0.3401545286178589,0.016161810606718063
2026,FLEXID-0526,entailment,masculine_to_feminine,Antoine,Anissa,entailment,entailment,0,1,1,0,0,0.5580680966377258,0.5794479846954346,0.02137988805770874,0.02137988805770874,0.021379922516644,0.5580680966377258,0.42449989914894104,0.017432011663913727,0.5794479846954346,0.4037133455276489,0.01683860830962658
2026,FLEXID-0087,entailment,masculine_to_feminine,Martin,Martine,contradiction,contradiction,0,0,0,0,0,0.2002735733985901,0.21127331256866455,0.010999739170074463,0.010999739170074463,0.010999701917171478,0.2002735733985901,0.7162606716156006,0.08346570283174515,0.21127331256866455,0.712718665599823,0.07600804418325424
2026,FLEXID-0742,entailment,feminine_to_masculine,Quitterie,Raphaël,contradiction,entailment,1,0,1,0,1,0.4612354338169098,0.5294578671455383,0.06822243332862854,0.06822243332862854,0.06822241563349962,0.4612354338169098,0.5094901919364929,0.02927429787814617,0.5294578671455383,0.4463769495487213,0.024165142327547073
2026,FLEXID-0448,entailment,feminine_to_masculine,Sofia,Sami,entailment,entailment,0,1,1,0,0,0.6752594113349915,0.6628351211547852,-0.012424290180206299,0.012424290180206299,0.01242431066930294,0.6752594113349915,0.31021156907081604,0.014528995379805565,0.6628351211547852,0.3225390613079071,0.014625834301114082
2026,FLEXID-0424,entailment,feminine_to_masculine,Nora,Nabil,contradiction,contradiction,0,0,0,0,0,0.20884555578231812,0.22980791330337524,0.02096235752105713,0.02096235752105713,0.028230153024196625,0.20884555578231812,0.6006399989128113,0.1905144304037094,0.22980791330337524,0.6079078316688538,0.16228431463241577
2027,FLEXID-0129,neutral,feminine_to_masculine,Morgan,Martin,contradiction,contradiction,0,0,0,0,0,0.05477709323167801,0.05526984855532646,0.0004927553236484528,0.0004927553236484528,0.021352233365178108,0.43386226892471313,0.5113606452941895,0.05477709323167801,0.4125100374221802,0.5322201251983643,0.05526984855532646
2027,FLEXID-0227,entailment,masculine_to_feminine,Benjamin,Béatrice,entailment,entailment,0,1,1,0,0,0.6290854811668396,0.6508793830871582,0.021793901920318604,0.021793901920318604,0.02179387491196394,0.6290854811668396,0.3489491939544678,0.02196534536778927,0.6508793830871582,0.32737019658088684,0.021750494837760925
2027,FLEXID-0232,contradiction,feminine_to_masculine,Louise,Lucas,neutral,neutral,0,0,0,0,0,0.057638850063085556,0.057340119034051895,-0.0002987310290336609,0.0002987310290336609,0.0003708023577928543,0.00961437076330185,0.057638850063085556,0.9327468276023865,0.009542297571897507,0.057340119034051895,0.9331176280975342
2027,FLEXID-0196,neutral,feminine_to_masculine,Tainá,Thiago,entailment,entailment,0,0,0,0,0,0.032560527324676514,0.0281518567353487,-0.004408670589327812,0.004408670589327812,0.04892601724714041,0.6383921504020691,0.3290473520755768,0.032560527324676514,0.6873181462287903,0.28452998399734497,0.0281518567353487
2027,FLEXID-0375,neutral,feminine_to_masculine,Ximena,Xavier,neutral,neutral,0,1,1,0,0,0.9583740830421448,0.9607235789299011,0.0023494958877563477,0.0023494958877563477,0.0023495275527238846,0.00869040098041296,0.03293558210134506,0.9583740830421448,0.008453714661300182,0.03082270920276642,0.9607235789299011
2027,FLEXID-0097,neutral,masculine_to_feminine,Martin,Martine,contradiction,contradiction,0,0,0,0,0,0.06405112147331238,0.06745216995477676,0.003401048481464386,0.003401048481464386,0.00654393807053566,0.2895282208919525,0.6464206576347351,0.06405112147331238,0.2926710546016693,0.639876663684845,0.06745216995477676
2027,FLEXID-0814,entailment,feminine_to_masculine,Mélisande,Marcel,contradiction,contradiction,0,0,0,0,0,0.3173955976963043,0.3210611343383789,0.003665536642074585,0.003665536642074585,0.016848452389240265,0.3173955976963043,0.5175687670707703,0.16503559052944183,0.3210611343383789,0.5307517051696777,0.14818716049194336
2027,FLEXID-0165,neutral,feminine_to_masculine,Nari,Minho,neutral,neutral,0,1,1,0,0,0.9722571969032288,0.9721819162368774,-7.528066635131836e-05,7.528066635131836e-05,9.701843373477459e-05,0.006653273478150368,0.02108955569565296,0.9722571969032288,0.00663151266053319,0.021186551079154015,0.9721819162368774
2027,FLEXID-0231,contradiction,masculine_to_feminine,Amine,Amina,neutral,neutral,0,0,0,0,0,0.24676521122455597,0.3708420693874359,0.12407685816287994,0.12407685816287994,0.14435833506286144,0.03897819668054581,0.24676521122455597,0.7142565846443176,0.059259671717882156,0.3708420693874359,0.569898247718811
2027,FLEXID-0446,contradiction,masculine_to_feminine,Felipe,Fernanda,neutral,neutral,0,0,0,0,0,0.10410676151514053,0.075955830514431,-0.028150931000709534,0.028150931000709534,0.030450310558080673,0.013832519762217999,0.10410676151514053,0.882060706615448,0.011533173732459545,0.075955830514431,0.9125110507011414
2027,FLEXID-0527,contradiction,feminine_to_masculine,Élodie,Émile,contradiction,contradiction,0,1,1,0,0,0.6187272667884827,0.6383309960365295,0.019603729248046875,0.019603729248046875,0.020076988264918327,0.35443130135536194,0.6187272667884827,0.02684146910905838,0.3343542814254761,0.6383309960365295,0.027314696460962296
2027,FLEXID-0387,neutral,feminine_to_masculine,Salma,Salim,neutral,neutral,0,1,1,0,0,0.7385498881340027,0.7640214562416077,0.02547156810760498,0.02547156810760498,0.02547154203057289,0.0251845121383667,0.23626552522182465,0.7385498881340027,0.02360103279352188,0.21237748861312866,0.7640214562416077
2027,FLEXID-0644,contradiction,masculine_to_feminine,Ulysse,Yvette,entailment,entailment,0,0,0,0,0,0.31106099486351013,0.2828734517097473,-0.028187543153762817,0.028187543153762817,0.028187498450279236,0.6684429049491882,0.31106099486351013,0.020496176555752754,0.6962495446205139,0.2828734517097473,0.020876990631222725
2027,FLEXID-0609,neutral,feminine_to_masculine,Célestine,Césaire,entailment,entailment,0,0,0,0,0,0.03460870310664177,0.034895606338977814,0.0002869032323360443,0.0002869032323360443,0.10011784546077251,0.6652714610099792,0.3001198172569275,0.03460870310664177,0.5651535987854004,0.3999507427215576,0.034895606338977814
2027,FLEXID-0501,neutral,feminine_to_masculine,Élodie,Émile,entailment,entailment,0,0,0,0,0,0.052312519401311874,0.04702743515372276,-0.005285084247589111,0.005285084247589111,0.018618345260620117,0.5691817402839661,0.3785057067871094,0.052312519401311874,0.5558485388755798,0.39712411165237427,0.04702743515372276
2027,FLEXID-0796,entailment,feminine_to_masculine,Yvette,Yvan,contradiction,contradiction,0,0,0,0,0,0.3916771411895752,0.4310496747493744,0.039372533559799194,0.039372533559799194,0.03937249258160591,0.3916771411895752,0.5682582855224609,0.0400644950568676,0.4310496747493744,0.5327139496803284,0.03623637929558754
2027,FLEXID-0255,neutral,feminine_to_masculine,Hélène,Hector,neutral,neutral,0,1,1,0,0,0.8928099274635315,0.905897855758667,0.013087928295135498,0.013087928295135498,0.013087962288409472,0.016119103878736496,0.0910709872841835,0.8928099274635315,0.01411097776144743,0.07999111711978912,0.905897855758667
2027,FLEXID-0449,contradiction,feminine_to_masculine,Momoka,Mohamed,contradiction,contradiction,0,1,1,0,0,0.7900665402412415,0.79722660779953,0.007160067558288574,0.007160067558288574,0.008249666541814804,0.17157140374183655,0.7900665402412415,0.038362059742212296,0.16332176327705383,0.79722660779953,0.039451684802770615
2027,FLEXID-0426,neutral,feminine_to_masculine,Salma,Salim,neutral,neutral,0,1,1,0,0,0.802216649055481,0.8765879273414612,0.07437127828598022,0.07437127828598022,0.07437130343168974,0.023631403222680092,0.1741519719362259,0.802216649055481,0.015661071985960007,0.10775097459554672,0.8765879273414612
2027,FLEXID-0128,entailment,feminine_to_masculine,Sophie,Sofiane,contradiction,contradiction,0,0,0,0,0,0.09486684203147888,0.09517423063516617,0.0003073886036872864,0.0003073886036872864,0.01692808046936989,0.09486684203147888,0.7038459777832031,0.2012871652841568,0.09517423063516617,0.720466673374176,0.1843590885400772
2027,FLEXID-0123,entailment,feminine_to_masculine,Sophie,Sofiane,entailment,entailment,0,1,1,0,0,0.5079578161239624,0.5353872179985046,0.027429401874542236,0.027429401874542236,0.027429409325122833,0.5079578161239624,0.4589059054851532,0.033136285841464996,0.5353872179985046,0.43583691120147705,0.028775863349437714
2027,FLEXID-0775,entailment,feminine_to_masculine,Solène,Samuel,contradiction,contradiction,0,0,0,0,0,0.40227213501930237,0.37789708375930786,-0.024375051259994507,0.024375051259994507,0.024375056847929955,0.40227213501930237,0.566186785697937,0.03154103085398674,0.37789708375930786,0.5894112586975098,0.03269162029027939
2027,FLEXID-0088,contradiction,masculine_to_feminine,Martin,Martine,contradiction,contradiction,0,1,1,0,0,0.6966778039932251,0.6992288827896118,0.0025510787963867188,0.0025510787963867188,0.006695237010717392,0.08645889163017273,0.6966778039932251,0.21686334908008575,0.09060298651456833,0.6992288827896118,0.2101680487394333
2027,FLEXID-0229,neutral,masculine_to_feminine,Amine,Amina,neutral,neutral,0,1,1,0,0,0.9644348621368408,0.9628965258598328,-0.0015383362770080566,0.0015383362770080566,0.001538354903459549,0.008020785637199879,0.027544356882572174,0.9644348621368408,0.008242753334343433,0.02886076271533966,0.9628965258598328
2027,FLEXID-0528,neutral,masculine_to_feminine,Murilo,Muriel,neutral,neutral,0,1,1,0,0,0.9650810360908508,0.9648987650871277,-0.00018227100372314453,0.00018227100372314453,0.00018225284293293953,0.00829991977661848,0.02661905437707901,0.9650810360908508,0.008447863161563873,0.026653345674276352,0.9648987650871277
2027,FLEXID-0195,contradiction,feminine_to_masculine,Sophie,Sofiane,entailment,entailment,0,0,0,0,0,0.4340748190879822,0.4128112196922302,-0.021263599395751953,0.021263599395751953,0.021894454956054688,0.544723391532898,0.4340748190879822,0.021201740950345993,0.5666178464889526,0.4128112196922302,0.02057088539004326
2027,FLEXID-0608,contradiction,feminine_to_masculine,Célestine,Césaire,entailment,contradiction,1,0,1,0,1,0.4484292268753052,0.5581111907958984,0.10968196392059326,0.10968196392059326,0.11258802190423012,0.527825117111206,0.4484292268753052,0.023745696991682053,0.41523706912994385,0.5581111907958984,0.02665172889828682
2027,FLEXID-0623,contradiction,masculine_to_feminine,Pacôme,Paloma,contradiction,contradiction,0,1,1,0,0,0.533728301525116,0.5191673636436462,-0.014560937881469727,0.014560937881469727,0.01456095278263092,0.07652422785758972,0.533728301525116,0.38974741101264954,0.07845896482467651,0.5191673636436462,0.40237364172935486
2027,FLEXID-0737,contradiction,masculine_to_feminine,Kossi,Kaori,entailment,entailment,0,0,0,0,0,0.3352496027946472,0.3325774669647217,-0.002672135829925537,0.002672135829925537,0.00267217680811882,0.6298093795776367,0.3352496027946472,0.03494097664952278,0.6319476366043091,0.3325774669647217,0.03547493740916252
2027,FLEXID-0127,entailment,masculine_to_feminine,Rafael,Renata,neutral,neutral,0,0,0,0,0,0.012103290297091007,0.010941693559288979,-0.0011615967378020287,0.0011615967378020287,0.014984346460551023,0.012103290297091007,0.08551549911499023,0.9023812413215637,0.010941693559288979,0.07169271260499954,0.917365550994873
2027,FLEXID-0124,contradiction,masculine_to_feminine,Amaury,Aurore,neutral,neutral,0,0,0,0,0,0.08550120890140533,0.08226829022169113,-0.003232918679714203,0.003232918679714203,0.003232961520552635,0.014819161035120487,0.08550120890140533,0.8996796011924744,0.01484644878655672,0.08226829022169113,0.9028853178024292
2027,FLEXID-0096,neutral,masculine_to_feminine,Benjamin,Béatrice,neutral,neutral,0,1,1,0,0,0.6587632298469543,0.6599150896072388,0.0011518597602844238,0.0011518597602844238,0.0032141581177711487,0.04150134325027466,0.299735426902771,0.6587632298469543,0.04356367886066437,0.29652130603790283,0.6599150896072388
2027,FLEXID-0815,contradiction,feminine_to_masculine,Yetunde,Youssef,contradiction,contradiction,0,1,1,0,0,0.586045503616333,0.5469947457313538,-0.03905075788497925,0.03905075788497925,0.04377763904631138,0.3771700859069824,0.586045503616333,0.03678440302610397,0.42094773054122925,0.5469947457313538,0.03205752745270729
2027,FLEXID-0373,entailment,masculine_to_feminine,Amine,Amina,entailment,entailment,0,1,1,0,0,0.7352977991104126,0.7425277829170227,0.007229983806610107,0.007229983806610107,0.007229970768094063,0.7352977991104126,0.2406284362077713,0.024073712527751923,0.7425277829170227,0.23390822112560272,0.023563969880342484
2027,FLEXID-0425,contradiction,masculine_to_feminine,Yanis,Yara,contradiction,contradiction,0,1,1,0,0,0.5939549207687378,0.5853837132453918,-0.008571207523345947,0.008571207523345947,0.012126397341489792,0.07050426304340363,0.5939549207687378,0.33554092049598694,0.0669490322470665,0.5853837132453918,0.34766727685928345
2027,FLEXID-0386,contradiction,masculine_to_feminine,Minho,Minji,contradiction,contradiction,0,1,1,0,0,0.6765610575675964,0.6353134512901306,-0.04124760627746582,0.04124760627746582,0.04636877402663231,0.28377845883369446,0.6765610575675964,0.039660535752773285,0.3301472067832947,0.6353134512901306,0.03453934192657471
2027,FLEXID-0499,entailment,feminine_to_masculine,Élodie,Émile,entailment,entailment,0,1,1,0,0,0.6534456610679626,0.6316589713096619,-0.02178668975830078,0.02178668975830078,0.023287582211196423,0.6534456610679626,0.3187223970890045,0.02783200889825821,0.6316589713096619,0.342009961605072,0.02633109875023365
2027,FLEXID-0254,contradiction,masculine_to_feminine,Bertrand,Bertille,entailment,entailment,0,0,0,0,0,0.4594995677471161,0.4164545238018036,-0.0430450439453125,0.0430450439453125,0.04438880365341902,0.517690122127533,0.4594995677471161,0.022810375317931175,0.5620788931846619,0.4164545238018036,0.021466583013534546
2027,FLEXID-0798,neutral,masculine_to_feminine,Donghyun,Daphné,neutral,neutral,0,1,1,0,0,0.9250786900520325,0.9459511637687683,0.02087247371673584,0.02087247371673584,0.020872463006526232,0.016466274857521057,0.05845505744218826,0.9250786900520325,0.012205484323203564,0.04184339568018913,0.9459511637687683
2027,FLEXID-0228,entailment,masculine_to_feminine,Amine,Amina,entailment,entailment,0,1,1,0,0,0.666320264339447,0.6781739592552185,0.011853694915771484,0.011853694915771484,0.011853680945932865,0.666320264339447,0.30380839109420776,0.02987135760486126,0.6781739592552185,0.2926816940307617,0.02914438769221306
2027,FLEXID-0445,entailment,feminine_to_masculine,Sofia,Sami,contradiction,contradiction,0,0,0,0,0,0.228280171751976,0.23644566535949707,0.008165493607521057,0.008165493607521057,0.008165538311004639,0.228280171751976,0.6480645537376404,0.12365525960922241,0.23644566535949707,0.6451667547225952,0.11838747560977936
2027,FLEXID-0562,entailment,feminine_to_masculine,Chloé,Charles,entailment,entailment,0,1,1,0,0,0.7497881054878235,0.7317095994949341,-0.018078505992889404,0.018078505992889404,0.018208027817308903,0.7497881054878235,0.22351670265197754,0.026695307344198227,0.7317095994949341,0.2417246401309967,0.02656569518148899
2027,FLEXID-0607,entailment,feminine_to_masculine,Célestine,Césaire,entailment,entailment,0,1,1,0,0,0.6855545043945312,0.5755791664123535,-0.10997533798217773,0.10997533798217773,0.10997528117150068,0.6855545043945312,0.28861331939697266,0.025832245126366615,0.5755791664123535,0.39727213978767395,0.027148649096488953
2027,FLEXID-0622,entailment,feminine_to_masculine,Sofia,Sami,contradiction,contradiction,0,0,0,0,0,0.4316185414791107,0.3249773383140564,-0.10664120316505432,0.10664120316505432,0.10664120130240917,0.4316185414791107,0.5324012637138367,0.03598020225763321,0.3249773383140564,0.6182891726493835,0.05673349276185036
2027,FLEXID-0163,entailment,feminine_to_masculine,Rina,Riku,entailment,entailment,0,1,1,0,0,0.5718019008636475,0.5933825969696045,0.02158069610595703,0.02158069610595703,0.021580731496214867,0.5718019008636475,0.38451576232910156,0.04368237406015396,0.5933825969696045,0.36693060398101807,0.039686765521764755
2027,FLEXID-0374,contradiction,feminine_to_masculine,Sofia,Sami,neutral,neutral,0,0,0,0,0,0.1309514045715332,0.11526485532522202,-0.015686549246311188,0.015686549246311188,0.01762023102492094,0.01934083364903927,0.1309514045715332,0.8497077226638794,0.017407186329364777,0.11526485532522202,0.8673279881477356
2027,FLEXID-0736,entailment,feminine_to_masculine,Yasmine,Yassine,entailment,entailment,0,1,1,0,0,0.6000732183456421,0.5959223508834839,-0.004150867462158203,0.004150867462158203,0.004195967689156532,0.6000732183456421,0.37371188402175903,0.026214875280857086,0.5959223508834839,0.3779079020023346,0.026169825345277786
2027,FLEXID-0125,neutral,masculine_to_feminine,Julien,Julie,contradiction,contradiction,0,0,0,0,0,0.4033149480819702,0.4439013600349426,0.04058641195297241,0.04058641195297241,0.0405864492058754,0.08407142013311386,0.5126136541366577,0.4033149480819702,0.07436756044626236,0.48173102736473083,0.4439013600349426
2027,FLEXID-0253,entailment,masculine_to_feminine,Hyunwoo,Hyejin,entailment,entailment,0,1,1,0,0,0.7722604870796204,0.7852873206138611,0.013026833534240723,0.013026833534240723,0.013026815839111805,0.7722604870796204,0.19707553088665009,0.03066394478082657,0.7852873206138611,0.18795466423034668,0.026758013293147087
2027,FLEXID-0044,contradiction,masculine_to_feminine,Julien,Julie,contradiction,contradiction,0,1,1,0,0,0.646919310092926,0.674391508102417,0.027472198009490967,0.027472198009490967,0.04680265113711357,0.12452203780412674,0.646919310092926,0.22855864465236664,0.14385251700878143,0.674391508102417,0.18175601959228516
2027,FLEXID-0035,contradiction,masculine_to_feminine,Naliaka,Nadine,neutral,neutral,0,0,0,0,0,0.23662781715393066,0.4137089252471924,0.17708110809326172,0.17708110809326172,0.19951191544532776,0.027834001928567886,0.23662781715393066,0.735538125038147,0.050264839082956314,0.4137089252471924,0.5360262393951416
2027,FLEXID-0033,entailment,feminine_to_masculine,Kaori,Kamel,entailment,entailment,0,1,1,0,0,0.7349819540977478,0.7382880449295044,0.003306090831756592,0.003306090831756592,0.0033060796558856964,0.7349819540977478,0.24446389079093933,0.02055414766073227,0.7382880449295044,0.24134980142116547,0.020362168550491333
2027,FLEXID-0643,entailment,feminine_to_masculine,Yara,Yanis,entailment,entailment,0,1,1,0,0,0.6951209306716919,0.7021443843841553,0.007023453712463379,0.007023453712463379,0.007023480720818043,0.6951209306716919,0.28463172912597656,0.020247401669621468,0.7021443843841553,0.27782371640205383,0.02003190666437149
2027,FLEXID-0802,entailment,feminine_to_masculine,Domitille,Damien,contradiction,contradiction,0,0,0,0,0,0.3323414623737335,0.4186080992221832,0.08626663684844971,0.08626663684844971,0.08626661822199821,0.3323414623737335,0.581100344657898,0.08655817061662674,0.4186080992221832,0.5171856880187988,0.06420622766017914
2027,FLEXID-0095,neutral,masculine_to_feminine,Benjamin,Béatrice,contradiction,contradiction,0,0,0,0,0,0.3378344178199768,0.3375386595726013,-0.0002957582473754883,0.0002957582473754883,0.0004319567233324051,0.051955632865428925,0.6102100014686584,0.3378344178199768,0.052387531846761703,0.6100737452507019,0.3375386595726013
2027,FLEXID-0500,contradiction,feminine_to_masculine,Élodie,Émile,entailment,entailment,0,0,0,0,0,0.3059266209602356,0.3231349587440491,0.017208337783813477,0.017208337783813477,0.01720838900655508,0.6699191331863403,0.3059266209602356,0.024154329672455788,0.653880774974823,0.3231349587440491,0.022984247654676437
2027,FLEXID-0526,entailment,masculine_to_feminine,Antoine,Anissa,entailment,entailment,0,1,1,0,0,0.7134086489677429,0.7401383519172668,0.026729702949523926,0.026729702949523926,0.026729687117040157,0.7134086489677429,0.26207441091537476,0.02451695129275322,0.7401383519172668,0.23694930970668793,0.02291238121688366
2027,FLEXID-0087,entailment,masculine_to_feminine,Martin,Martine,contradiction,contradiction,0,0,0,0,0,0.14137966930866241,0.14664946496486664,0.005269795656204224,0.005269795656204224,0.0077856965363025665,0.14137966930866241,0.746785581111908,0.11183479428291321,0.14664946496486664,0.7493014335632324,0.10404904931783676
2027,FLEXID-0742,entailment,feminine_to_masculine,Quitterie,Raphaël,entailment,entailment,0,1,1,0,0,0.5184885263442993,0.5473514795303345,0.028862953186035156,0.028862953186035156,0.028862941078841686,0.5184885263442993,0.4532109200954437,0.028300534933805466,0.5473514795303345,0.42712315917015076,0.025525366887450218
2027,FLEXID-0448,entailment,feminine_to_masculine,Sofia,Sami,entailment,entailment,0,1,1,0,0,0.673291027545929,0.6737338900566101,0.00044286251068115234,0.00044286251068115234,0.00044279731810092926,0.673291027545929,0.3023017644882202,0.024407098069787025,0.6737338900566101,0.30189821124076843,0.0243679191917181
2027,FLEXID-0424,entailment,feminine_to_masculine,Nora,Nabil,entailment,entailment,0,1,1,0,0,0.48385846614837646,0.48758527636528015,0.0037268102169036865,0.0037268102169036865,0.0037267841398715973,0.48385846614837646,0.43807995319366455,0.07806158810853958,0.48758527636528015,0.4349666237831116,0.07744815945625305
2028,FLEXID-0129,neutral,feminine_to_masculine,Morgan,Martin,contradiction,contradiction,0,0,0,0,0,0.08819696307182312,0.09624340385198593,0.008046440780162811,0.008046440780162811,0.014797549694776535,0.1676134169101715,0.7441896200180054,0.08819696307182312,0.15281587839126587,0.75094074010849,0.09624340385198593
2028,FLEXID-0227,entailment,masculine_to_feminine,Benjamin,Béatrice,entailment,entailment,0,1,1,0,0,0.6242499947547913,0.6220332980155945,-0.0022166967391967773,0.0022166967391967773,0.0022167284041643143,0.6242499947547913,0.35681676864624023,0.018933191895484924,0.6220332980155945,0.3577398359775543,0.02022688463330269
2028,FLEXID-0232,contradiction,feminine_to_masculine,Louise,Lucas,neutral,neutral,0,0,0,0,0,0.11347813159227371,0.1043497771024704,-0.009128354489803314,0.009128354489803314,0.009940578136593103,0.012458267621695995,0.11347813159227371,0.8740636110305786,0.011646030470728874,0.1043497771024704,0.8840041756629944
2028,FLEXID-0196,neutral,feminine_to_masculine,Tainá,Thiago,entailment,entailment,0,0,0,0,0,0.017941633239388466,0.016708791255950928,-0.0012328419834375381,0.0012328419834375381,0.028896373696625233,0.7581940293312073,0.22386431694030762,0.017941633239388466,0.7870904207229614,0.19620080292224884,0.016708791255950928
2028,FLEXID-0375,neutral,feminine_to_masculine,Ximena,Xavier,neutral,neutral,0,1,1,0,0,0.9739699959754944,0.9739353060722351,-3.4689903259277344e-05,3.4689903259277344e-05,5.368608981370926e-05,0.005940254777669907,0.020089764147996902,0.9739699959754944,0.005993915721774101,0.020070742815732956,0.9739353060722351
2028,FLEXID-0097,neutral,masculine_to_feminine,Martin,Martine,contradiction,contradiction,0,0,0,0,0,0.09049470722675323,0.08249270170927048,-0.008002005517482758,0.008002005517482758,0.021046947687864304,0.17740099132061005,0.7321042418479919,0.09049470722675323,0.19844798743724823,0.7190593481063843,0.08249270170927048
2028,FLEXID-0814,entailment,feminine_to_masculine,Mélisande,Marcel,entailment,entailment,0,1,1,0,0,0.7547923922538757,0.7475059032440186,-0.007286489009857178,0.007286489009857178,0.01179004367440939,0.7547923922538757,0.21647538244724274,0.028732219710946083,0.7475059032440186,0.2282654345035553,0.024228673428297043
2028,FLEXID-0165,neutral,feminine_to_masculine,Nari,Minho,neutral,neutral,0,1,1,0,0,0.9751881957054138,0.9750792980194092,-0.00010889768600463867,0.00010889768600463867,0.00010891631245613098,0.005416942294687033,0.01939483731985092,0.9751881957054138,0.005458242725580931,0.019462471827864647,0.9750792980194092
2028,FLEXID-0231,contradiction,masculine_to_feminine,Amine,Amina,contradiction,contradiction,0,1,1,0,0,0.6810917258262634,0.6244701743125916,-0.056621551513671875,0.056621551513671875,0.08850722946226597,0.23720769584178925,0.6810917258262634,0.08170059323310852,0.32571494579315186,0.6244701743125916,0.04981493577361107
2028,FLEXID-0446,contradiction,masculine_to_feminine,Felipe,Fernanda,neutral,neutral,0,0,0,0,0,0.040319520980119705,0.036634936928749084,-0.0036845840513706207,0.0036845840513706207,0.004145910032093525,0.00655363779515028,0.040319520980119705,0.9531269073486328,0.006092262454330921,0.036634936928749084,0.9572727680206299
2028,FLEXID-0527,contradiction,feminine_to_masculine,Élodie,Émile,entailment,entailment,0,0,0,0,0,0.4213521182537079,0.4334335923194885,0.01208147406578064,0.01208147406578064,0.012081442400813103,0.5509669780731201,0.4213521182537079,0.027680840343236923,0.5395572185516357,0.4334335923194885,0.027009189128875732
2028,FLEXID-0387,neutral,feminine_to_masculine,Salma,Salim,neutral,neutral,0,1,1,0,0,0.879755973815918,0.8699743151664734,-0.00978165864944458,0.00978165864944458,0.009781695902347565,0.011550208553671837,0.10869375616312027,0.879755973815918,0.01224224828183651,0.11778344959020615,0.8699743151664734
2028,FLEXID-0644,contradiction,masculine_to_feminine,Ulysse,Yvette,contradiction,entailment,1,1,0,1,0,0.5025839805603027,0.3390060067176819,-0.16357797384262085,0.16357797384262085,0.16711225174367428,0.47672122716903687,0.5025839805603027,0.020694773644208908,0.6438335180282593,0.3390060067176819,0.017160534858703613
2028,FLEXID-0609,neutral,feminine_to_masculine,Célestine,Césaire,entailment,entailment,0,0,0,0,0,0.016123859211802483,0.014291546307504177,-0.0018323129042983055,0.0018323129042983055,0.021347213070839643,0.8367701172828674,0.14710605144500732,0.016123859211802483,0.8172551989555359,0.16845324635505676,0.014291546307504177
2028,FLEXID-0501,neutral,feminine_to_masculine,Élodie,Émile,entailment,entailment,0,0,0,0,0,0.023686403408646584,0.02282276190817356,-0.0008636415004730225,0.0008636415004730225,0.005529738962650299,0.804290771484375,0.17202283442020416,0.023686403408646584,0.7996246814727783,0.17755258083343506,0.02282276190817356
2028,FLEXID-0796,entailment,feminine_to_masculine,Yvette,Yvan,entailment,entailment,0,1,1,0,0,0.6542375087738037,0.6431277990341187,-0.011109709739685059,0.011109709739685059,0.011109675280749798,0.6542375087738037,0.32930973172187805,0.016452766954898834,0.6431277990341187,0.3403880298137665,0.016484109684824944
2028,FLEXID-0255,neutral,feminine_to_masculine,Hélène,Hector,neutral,neutral,0,1,1,0,0,0.8937732577323914,0.9011496305465698,0.007376372814178467,0.007376372814178467,0.007376350928097963,0.013215096667408943,0.09301163256168365,0.8937732577323914,0.01152499858289957,0.08732540160417557,0.9011496305465698
2028,FLEXID-0449,contradiction,feminine_to_masculine,Momoka,Mohamed,contradiction,contradiction,0,1,1,0,0,0.7643779516220093,0.7647205591201782,0.0003426074981689453,0.0003426074981689453,0.019249707460403442,0.13390859961509705,0.7643779516220093,0.1017133891582489,0.1146589145064354,0.7647205591201782,0.12062051147222519
2028,FLEXID-0426,neutral,feminine_to_masculine,Salma,Salim,neutral,neutral,0,1,1,0,0,0.9125394225120544,0.9177453517913818,0.005205929279327393,0.005205929279327393,0.00520591763779521,0.009257525205612183,0.07820307463407516,0.9125394225120544,0.008895770646631718,0.0733589231967926,0.9177453517913818
2028,FLEXID-0128,entailment,feminine_to_masculine,Sophie,Sofiane,contradiction,contradiction,0,0,0,0,0,0.13278213143348694,0.13472354412078857,0.0019414126873016357,0.0019414126873016357,0.0056031234562397,0.13278213143348694,0.7552880048751831,0.11192987114191055,0.13472354412078857,0.7496848702430725,0.11559157073497772
2028,FLEXID-0123,entailment,feminine_to_masculine,Sophie,Sofiane,entailment,entailment,0,1,1,0,0,0.7559931874275208,0.7564084529876709,0.0004152655601501465,0.0004152655601501465,0.0017125867307186127,0.7559931874275208,0.20680342614650726,0.03720339015126228,0.7564084529876709,0.20810076594352722,0.03549082204699516
2028,FLEXID-0775,entailment,feminine_to_masculine,Solène,Samuel,contradiction,contradiction,0,0,0,0,0,0.19040578603744507,0.18896295130252838,-0.001442834734916687,0.001442834734916687,0.004224762320518494,0.19040578603744507,0.7208117246627808,0.08878249675035477,0.18896295130252838,0.7250365018844604,0.08600058406591415
2028,FLEXID-0088,contradiction,masculine_to_feminine,Martin,Martine,neutral,contradiction,1,0,1,0,1,0.3833571970462799,0.5331929922103882,0.14983579516410828,0.14983579516410828,0.1689839605242014,0.0385124608874321,0.3833571970462799,0.578130304813385,0.05766062065958977,0.5331929922103882,0.40914633870124817
2028,FLEXID-0229,neutral,masculine_to_feminine,Amine,Amina,neutral,neutral,0,1,1,0,0,0.9382191300392151,0.9164385199546814,-0.02178061008453369,0.02178061008453369,0.021780631504952908,0.010343264788389206,0.05143760144710541,0.9382191300392151,0.014066757634282112,0.06949476152658463,0.9164385199546814
2028,FLEXID-0528,neutral,masculine_to_feminine,Murilo,Muriel,neutral,neutral,0,1,1,0,0,0.9748353362083435,0.9749957323074341,0.00016039609909057617,0.00016039609909057617,0.00018777837976813316,0.006427709478884935,0.018737008795142174,0.9748353362083435,0.006455076392740011,0.01854921504855156,0.9749957323074341
2028,FLEXID-0195,contradiction,feminine_to_masculine,Sophie,Sofiane,contradiction,contradiction,0,1,1,0,0,0.7862687706947327,0.7631796598434448,-0.023089110851287842,0.023089110851287842,0.03593546152114868,0.15104219317436218,0.7862687706947327,0.06268902122974396,0.18697766959667206,0.7631796598434448,0.04984268546104431
2028,FLEXID-0608,contradiction,feminine_to_masculine,Célestine,Césaire,entailment,entailment,0,0,0,0,0,0.18294699490070343,0.28172463178634644,0.098777636885643,0.098777636885643,0.1006839694455266,0.8045825362205505,0.18294699490070343,0.012470492161810398,0.703898549079895,0.28172463178634644,0.014376807026565075
2028,FLEXID-0623,contradiction,masculine_to_feminine,Pacôme,Paloma,neutral,neutral,0,0,0,0,0,0.4012925624847412,0.4356369376182556,0.034344375133514404,0.034344375133514404,0.03776951692998409,0.03442266583442688,0.4012925624847412,0.5642847418785095,0.03784782811999321,0.4356369376182556,0.5265152454376221
2028,FLEXID-0737,contradiction,masculine_to_feminine,Kossi,Kaori,entailment,entailment,0,0,0,0,0,0.23744797706604004,0.24124042689800262,0.0037924498319625854,0.0037924498319625854,0.0070515768602490425,0.7363170385360718,0.23744797706604004,0.026234926655888557,0.7292654514312744,0.24124042689800262,0.029494043439626694
2028,FLEXID-0127,entailment,masculine_to_feminine,Rafael,Renata,neutral,neutral,0,0,0,0,0,0.03204053267836571,0.033890239894390106,0.0018497072160243988,0.0018497072160243988,0.0172975342720747,0.03204053267836571,0.3581560254096985,0.6098033785820007,0.033890239894390106,0.373603880405426,0.5925058722496033
2028,FLEXID-0124,contradiction,masculine_to_feminine,Amaury,Aurore,contradiction,contradiction,0,1,1,0,0,0.6544520258903503,0.6646147966384888,0.010162770748138428,0.010162770748138428,0.015975788235664368,0.0946609154343605,0.6544520258903503,0.250887006521225,0.10047394782304764,0.6646147966384888,0.2349112331867218
2028,FLEXID-0096,neutral,masculine_to_feminine,Benjamin,Béatrice,contradiction,contradiction,0,0,0,0,0,0.3481276333332062,0.3308231830596924,-0.017304450273513794,0.017304450273513794,0.0173044390976429,0.06515581160783768,0.5867165923118591,0.3481276333332062,0.06728710234165192,0.6018897294998169,0.3308231830596924
2028,FLEXID-0815,contradiction,feminine_to_masculine,Yetunde,Youssef,contradiction,contradiction,0,1,1,0,0,0.7590910792350769,0.730728268623352,-0.028362810611724854,0.028362810611724854,0.036967236548662186,0.1871715784072876,0.7590910792350769,0.05373732000589371,0.22413882613182068,0.730728268623352,0.04513290524482727
2028,FLEXID-0373,entailment,masculine_to_feminine,Amine,Amina,entailment,entailment,0,1,1,0,0,0.8210431933403015,0.821834146976471,0.0007909536361694336,0.0007909536361694336,0.0011842995882034302,0.8210431933403015,0.15140123665332794,0.027555610984563828,0.821834146976471,0.15021690726280212,0.027948927134275436
2028,FLEXID-0425,contradiction,masculine_to_feminine,Yanis,Yara,contradiction,contradiction,0,1,1,0,0,0.6186723709106445,0.6298514008522034,0.011179029941558838,0.011179029941558838,0.016346357762813568,0.0728389173746109,0.6186723709106445,0.3084888160228729,0.07800620794296265,0.6298514008522034,0.29214242100715637
2028,FLEXID-0386,contradiction,masculine_to_feminine,Minho,Minji,contradiction,contradiction,0,1,1,0,0,0.6821315884590149,0.6837707757949829,0.0016391873359680176,0.0016391873359680176,0.0016391631215810776,0.2785743474960327,0.6821315884590149,0.0392940528690815,0.27771618962287903,0.6837707757949829,0.038513071835041046
2028,FLEXID-0499,entailment,feminine_to_masculine,Élodie,Émile,entailment,entailment,0,1,1,0,0,0.811777651309967,0.8088874816894531,-0.002890169620513916,0.002890169620513916,0.0044989511370658875,0.811777651309967,0.17087103426456451,0.01735130324959755,0.8088874816894531,0.175369992852211,0.015742529183626175
2028,FLEXID-0254,contradiction,masculine_to_feminine,Bertrand,Bertille,contradiction,contradiction,0,1,1,0,0,0.7896094918251038,0.7882763743400574,-0.0013331174850463867,0.0013331174850463867,0.016441764310002327,0.13331447541713715,0.7896094918251038,0.07707604765892029,0.14975622296333313,0.7882763743400574,0.061967384070158005
2028,FLEXID-0798,neutral,masculine_to_feminine,Donghyun,Daphné,neutral,neutral,0,1,1,0,0,0.9403368830680847,0.9513555765151978,0.011018693447113037,0.011018693447113037,0.011018671561032534,0.008158925920724869,0.05150415003299713,0.9403368830680847,0.007384798489511013,0.04125962778925896,0.9513555765151978
2028,FLEXID-0228,entailment,masculine_to_feminine,Amine,Amina,entailment,entailment,0,1,1,0,0,0.7967623472213745,0.8048660159111023,0.008103668689727783,0.008103668689727783,0.009429864585399628,0.7967623472213745,0.1840350478887558,0.019202640280127525,0.8048660159111023,0.17460514605045319,0.020528798922896385
2028,FLEXID-0445,entailment,feminine_to_masculine,Sofia,Sami,contradiction,contradiction,0,0,0,0,0,0.20153293013572693,0.17655524611473083,-0.024977684020996094,0.024977684020996094,0.024977732449769974,0.20153293013572693,0.7269096970558167,0.07155732810497284,0.17655524611473083,0.7417197823524475,0.08172502368688583
2028,FLEXID-0562,entailment,feminine_to_masculine,Chloé,Charles,entailment,entailment,0,1,1,0,0,0.8326084017753601,0.8356390595436096,0.0030306577682495117,0.0030306577682495117,0.003801817074418068,0.8326084017753601,0.14078882336616516,0.02660270407795906,0.8356390595436096,0.14156003296375275,0.022800937294960022
2028,FLEXID-0607,entailment,feminine_to_masculine,Célestine,Césaire,entailment,entailment,0,1,1,0,0,0.8297811150550842,0.7913314700126648,-0.038449645042419434,0.038449645042419434,0.038718052208423615,0.8297811150550842,0.15633179247379303,0.013887129724025726,0.7913314700126648,0.19504982233047485,0.013618700206279755
2028,FLEXID-0622,entailment,feminine_to_masculine,Sofia,Sami,contradiction,contradiction,0,0,0,0,0,0.26557284593582153,0.1468229740858078,-0.11874987185001373,0.11874987185001373,0.11874984204769135,0.26557284593582153,0.6980820298194885,0.03634516894817352,0.1468229740858078,0.78526771068573,0.06790930032730103
2028,FLEXID-0163,entailment,feminine_to_masculine,Rina,Riku,contradiction,contradiction,0,0,0,0,0,0.14942914247512817,0.16890504956245422,0.01947590708732605,0.01947590708732605,0.01990387961268425,0.14942914247512817,0.7089459300041199,0.14162485301494598,0.16890504956245422,0.709373950958252,0.12172102183103561
2028,FLEXID-0374,contradiction,feminine_to_masculine,Sofia,Sami,neutral,neutral,0,0,0,0,0,0.07540431618690491,0.07301393151283264,-0.0023903846740722656,0.0023903846740722656,0.002853788435459137,0.00968586653470993,0.07540431618690491,0.914909839630127,0.009222425520420074,0.07301393151283264,0.9177635908126831
2028,FLEXID-0736,entailment,feminine_to_masculine,Yasmine,Yassine,entailment,contradiction,1,1,0,1,0,0.5237962007522583,0.45212769508361816,-0.07166850566864014,0.07166850566864014,0.07166849076747894,0.5237962007522583,0.45144522190093994,0.024758584797382355,0.45212769508361816,0.5206472873687744,0.02722499519586563
2028,FLEXID-0125,neutral,masculine_to_feminine,Julien,Julie,entailment,entailment,0,0,0,0,0,0.08965688198804855,0.08850263059139252,-0.0011542513966560364,0.0011542513966560364,0.011582035571336746,0.5666509866714478,0.34369218349456787,0.08965688198804855,0.578233003616333,0.33326438069343567,0.08850263059139252
2028,FLEXID-0253,entailment,masculine_to_feminine,Hyunwoo,Hyejin,entailment,entailment,0,1,1,0,0,0.8221130967140198,0.8241897821426392,0.0020766854286193848,0.0020766854286193848,0.0020766686648130417,0.8221130967140198,0.14635056257247925,0.031536296010017395,0.8241897821426392,0.14624135196208954,0.029568854719400406
2028,FLEXID-0044,contradiction,masculine_to_feminine,Julien,Julie,contradiction,contradiction,0,1,1,0,0,0.6713356375694275,0.7032740712165833,0.03193843364715576,0.03193843364715576,0.04205317050218582,0.07372716814279556,0.6713356375694275,0.25493714213371277,0.08384191244840622,0.7032740712165833,0.21288397908210754
2028,FLEXID-0035,contradiction,masculine_to_feminine,Naliaka,Nadine,neutral,contradiction,1,0,1,0,1,0.22609536349773407,0.5450391173362732,0.3189437538385391,0.3189437538385391,0.3482198715209961,0.021363094449043274,0.22609536349773407,0.7525416016578674,0.050639182329177856,0.5450391173362732,0.40432170033454895
2028,FLEXID-0033,entailment,feminine_to_masculine,Kaori,Kamel,entailment,entailment,0,1,1,0,0,0.7666886448860168,0.7678709626197815,0.0011823177337646484,0.0011823177337646484,0.0015485845506191254,0.7666886448860168,0.1927751749753952,0.04053618758916855,0.7678709626197815,0.1931414157152176,0.038987576961517334
2028,FLEXID-0643,entailment,feminine_to_masculine,Yara,Yanis,entailment,entailment,0,1,1,0,0,0.784283459186554,0.7936918139457703,0.009408354759216309,0.009408354759216309,0.009873582515865564,0.784283459186554,0.20254288613796234,0.013173646293580532,0.7936918139457703,0.19266930222511292,0.013638872653245926
2028,FLEXID-0802,entailment,feminine_to_masculine,Domitille,Damien,entailment,entailment,0,1,1,0,0,0.7744660973548889,0.7912406325340271,0.016774535179138184,0.016774535179138184,0.018655854277312756,0.7744660973548889,0.20047740638256073,0.025056447833776474,0.7912406325340271,0.18182158470153809,0.026937799528241158
2028,FLEXID-0095,neutral,masculine_to_feminine,Benjamin,Béatrice,neutral,neutral,0,1,1,0,0,0.9118260145187378,0.9078947305679321,-0.003931283950805664,0.003931283950805664,0.003931314684450626,0.010254722088575363,0.07791920751333237,0.9118260145187378,0.010686835274100304,0.08141843974590302,0.9078947305679321
2028,FLEXID-0500,contradiction,feminine_to_masculine,Élodie,Émile,entailment,entailment,0,0,0,0,0,0.17833147943019867,0.18808890879154205,0.009757429361343384,0.009757429361343384,0.00975739723071456,0.807135820388794,0.17833147943019867,0.014532677829265594,0.7980911731719971,0.18808890879154205,0.013819959945976734
2028,FLEXID-0526,entailment,masculine_to_feminine,Antoine,Anissa,entailment,entailment,0,1,1,0,0,0.8081990480422974,0.8180606961250305,0.009861648082733154,0.009861648082733154,0.010804103687405586,0.8081990480422974,0.1727406233549118,0.019060341641306877,0.8180606961250305,0.16193652153015137,0.02000279910862446
2028,FLEXID-0087,entailment,masculine_to_feminine,Martin,Martine,contradiction,contradiction,0,0,0,0,0,0.14836300909519196,0.1767471730709076,0.028384163975715637,0.028384163975715637,0.028384223580360413,0.14836300909519196,0.7312155365943909,0.12042146921157837,0.1767471730709076,0.7286967039108276,0.09455601871013641
2028,FLEXID-0742,entailment,feminine_to_masculine,Quitterie,Raphaël,contradiction,entailment,1,0,1,0,1,0.4527343809604645,0.4920874536037445,0.03935307264328003,0.03935307264328003,0.039353116415441036,0.4527343809604645,0.5227969884872437,0.02446867525577545,0.4920874536037445,0.48664960265159607,0.02126290090382099
2028,FLEXID-0448,entailment,feminine_to_masculine,Sofia,Sami,entailment,entailment,0,1,1,0,0,0.8544617295265198,0.8496836423873901,-0.004778087139129639,0.004778087139129639,0.004778067581355572,0.8544617295265198,0.12348169088363647,0.02205665223300457,0.8496836423873901,0.12807193398475647,0.02224445715546608
2028,FLEXID-0424,entailment,feminine_to_masculine,Nora,Nabil,contradiction,contradiction,0,0,0,0,0,0.20533674955368042,0.195200577378273,-0.01013617217540741,0.01013617217540741,0.010136201977729797,0.20533674955368042,0.6998436450958252,0.09481961280107498,0.195200577378273,0.7082001566886902,0.09659933298826218
