variant,repeat,fold,seed,best_inner_balanced_accuracy,best_C,best_class_weight,accuracy,balanced_accuracy,macro_f1,weighted_f1,test_instances,valid_mismatches,mismatch_rate,perfect_derangement
hypothesis_only,1,1,1701,0.4842003749369097,8.0,balanced,0.54,0.5394318002746449,0.5393663624732029,0.5397167187778033,,,,
hypothesis_only,1,2,1701,0.5111190262300122,1.0,None,0.472636815920398,0.47336845185835524,0.46992766487743404,0.46928219447053465,,,,
hypothesis_only,1,3,1701,0.49512837945435184,0.5,balanced,0.525,0.5255540479421077,0.521028721028721,0.5205227535227536,,,,
hypothesis_only,1,4,1701,0.49347402914128113,0.5,None,0.46766169154228854,0.4686948501698282,0.46590451898916746,0.465439761634541,,,,
hypothesis_only,1,5,1701,0.5002588439265349,0.125,balanced,0.49,0.4924618986515387,0.48518033943756395,0.48334695035460995,,,,
hypothesis_only,2,1,2718,0.48622695346795436,0.5,None,0.48,0.4805418608315886,0.47985347985347987,0.4794065934065934,,,,
hypothesis_only,2,2,2718,0.499641941806121,0.5,balanced,0.43283582089552236,0.43312404111350555,0.43371466166956796,0.43337209724590425,,,,
hypothesis_only,2,3,2718,0.48278515212228995,0.125,None,0.51,0.5098748680838233,0.512053877079344,0.5120335013034503,,,,
hypothesis_only,2,4,2718,0.5063838609402033,1.0,None,0.485,0.48522538821046285,0.4863756129321044,0.48605158548495386,,,,
hypothesis_only,2,5,2718,0.507244585190563,1.0,None,0.5074626865671642,0.5072476299429768,0.50599128540305,0.5063571033720287,,,,
hypothesis_only,3,1,3141,0.5021472406239746,0.25,None,0.4228855721393035,0.4231006287634909,0.4242816870113458,0.42391400909048893,,,,
hypothesis_only,3,2,3141,0.5074533833642701,0.5,balanced,0.472636815920398,0.47321547343496423,0.4685402029664325,0.46828387337318084,,,,
hypothesis_only,3,3,3141,0.47581943225051215,8.0,balanced,0.4626865671641791,0.4627552966007751,0.4651802742407433,0.46476465639464926,,,,
hypothesis_only,3,4,3141,0.5254206858445893,0.25,None,0.475,0.47429519071310117,0.47021287932134365,0.47063411915654685,,,,
hypothesis_only,3,5,3141,0.4849194313636807,8.0,balanced,0.5477386934673367,0.548168249660787,0.5463720002926543,0.5460604575776159,,,,
premise_only,1,1,1701,0.3396358130297131,0.125,balanced,0.34,0.34058553386911594,0.3366095716378202,0.33632589005470365,,,,
premise_only,1,2,1701,0.3359657956973489,0.5,None,0.3333333333333333,0.3329919032289533,0.30882208799612926,0.3091364454125868,,,,
premise_only,1,3,1701,0.33661003091185937,0.125,balanced,0.335,0.3343886627468717,0.32789844982827443,0.3282416457811195,,,,
premise_only,1,4,1701,0.3380800986156561,0.5,balanced,0.3283582089552239,0.329229520844973,0.32321912504839334,0.3228904837022784,,,,
premise_only,1,5,1701,0.34034373586612393,1.0,balanced,0.325,0.3250748519844218,0.3230265383270848,0.3229825153595645,,,,
premise_only,2,1,2718,0.3439708764555121,0.5,balanced,0.33,0.3294173926746359,0.3233681258535974,0.3237597348363935,,,,
premise_only,2,2,2718,0.33911325724319574,0.5,balanced,0.3333333333333333,0.3320407765096088,0.32042056874271635,0.3211887336899858,,,,
premise_only,2,3,2718,0.33241915508157827,0.25,None,0.35,0.35036936529473844,0.3376623376623377,0.3374458874458874,,,,
premise_only,2,4,2718,0.341489411232607,0.5,balanced,0.33,0.32986582240313583,0.32877099911582675,0.3288148541114059,,,,
premise_only,2,5,2718,0.3449526052549538,0.25,None,0.3333333333333333,0.334040581406692,0.3229873414495856,0.32253787538427353,,,,
premise_only,3,1,3141,0.33450450510371493,0.125,None,0.34328358208955223,0.3426517146885892,0.32750933772315444,0.3280084602335796,,,,
premise_only,3,2,3141,0.3420187472755515,0.25,balanced,0.3283582089552239,0.32810546199483864,0.3265348532433275,0.32670040668483047,,,,
premise_only,3,3,3141,0.3367703594327826,0.125,balanced,0.3333333333333333,0.33271255132536953,0.3306933412942352,0.3310440134158016,,,,
premise_only,3,4,3141,0.3370993305193786,0.125,None,0.33,0.3304688677823006,0.29070891664570936,0.29030815659317627,,,,
premise_only,3,5,3141,0.33712897189631164,8.0,balanced,0.3316582914572864,0.3317503392130258,0.3302355955047129,0.3301872291304324,,,,
premise_plus_hypothesis,1,1,1701,0.4967922246475134,0.125,balanced,0.505,0.5034612007834133,0.5004500735820966,0.5012560142101401,,,,
premise_plus_hypothesis,1,2,1701,0.5410862217715101,8.0,None,0.5572139303482587,0.5579655199936148,0.5569005432320436,0.5562737689996134,,,,
premise_plus_hypothesis,1,3,1701,0.52608800240447,1.0,None,0.55,0.5505804311774462,0.5501440167583137,0.5495864661654135,,,,
premise_plus_hypothesis,1,4,1701,0.5183357942905792,0.5,balanced,0.5422885572139303,0.5431066592172825,0.5409690744618975,0.5407318198148734,,,,
premise_plus_hypothesis,1,5,1701,0.5325844041822971,8.0,None,0.525,0.5276806015173005,0.5188611847922192,0.5170527320954907,,,,
premise_plus_hypothesis,2,1,2718,0.5375451175495074,8.0,None,0.485,0.48537065802210666,0.48535139669193206,0.48499270167329345,,,,
premise_plus_hypothesis,2,2,2718,0.5319591880171336,0.125,None,0.5074626865671642,0.5078395899291421,0.5080473967540374,0.5075435189813056,,,,
premise_plus_hypothesis,2,3,2718,0.5074440545796999,0.25,balanced,0.595,0.5950550278908487,0.5956625074272134,0.5956105169340463,,,,
premise_plus_hypothesis,2,4,2718,0.5249556536082665,0.25,None,0.53,0.5300015076134479,0.5308652079809388,0.530674005565559,,,,
premise_plus_hypothesis,2,5,2718,0.5412214863439896,8.0,None,0.4975124378109453,0.49744592545294913,0.49610590725573306,0.4965335771929979,,,,
premise_plus_hypothesis,3,1,3141,0.522105936449659,0.25,balanced,0.5074626865671642,0.5073207935367724,0.5074385276784473,0.5072122170244096,,,,
premise_plus_hypothesis,3,2,3141,0.5224741420417451,0.5,None,0.48756218905472637,0.48784597511550976,0.48310414926204404,0.48300419789107923,,,,
premise_plus_hypothesis,3,3,3141,0.5033727308200531,4.0,None,0.5373134328358209,0.537242486320625,0.538517091959557,0.5382763601348098,,,,
premise_plus_hypothesis,3,4,3141,0.5628005105450041,4.0,balanced,0.495,0.4947233529323081,0.495365200855395,0.49557640185967194,,,,
premise_plus_hypothesis,3,5,3141,0.5246489256037105,2.0,balanced,0.5728643216080402,0.5729684908789386,0.574052547850504,0.5738051616554535,,,,
shuffled_premise,1,1,1701,0.4967922246475134,0.125,balanced,0.455,0.4532777290020486,0.43865092918311976,0.43907818821412603,200.0,200.0,1.0,True
shuffled_premise,1,2,1701,0.5410862217715101,8.0,None,0.4626865671641791,0.46469967453286154,0.4423363521724178,0.4414670029424128,201.0,201.0,1.0,True
shuffled_premise,1,3,1701,0.52608800240447,1.0,None,0.51,0.5112317201869441,0.4953566514858978,0.49474701499024093,200.0,200.0,1.0,True
shuffled_premise,1,4,1701,0.5183357942905792,0.5,balanced,0.4925373134328358,0.49445065226452406,0.4636782868753282,0.4625816196737018,201.0,201.0,1.0,True
shuffled_premise,1,5,1701,0.5325844041822971,8.0,None,0.45,0.4537054546273159,0.42965738171837603,0.42773899428334744,200.0,200.0,1.0,True
shuffled_premise,2,1,2718,0.5375451175495074,8.0,None,0.455,0.4583676639427298,0.4324205146490759,0.43043957924763776,200.0,200.0,1.0,True
shuffled_premise,2,2,2718,0.5319591880171336,0.125,None,0.47761194029850745,0.4800640292299643,0.45733122987738845,0.4561943138625918,201.0,201.0,1.0,True
shuffled_premise,2,3,2718,0.5074440545796999,0.25,balanced,0.515,0.5149253731343283,0.4931635415225939,0.4929020865029341,200.0,200.0,1.0,True
shuffled_premise,2,4,2718,0.5249556536082665,0.25,None,0.475,0.4763304688677823,0.4577944737216921,0.45720109314912405,200.0,200.0,1.0,True
shuffled_premise,2,5,2718,0.5412214863439896,8.0,None,0.5024875621890548,0.5016894138931014,0.4823102823102823,0.4827903992083097,201.0,201.0,1.0,True
shuffled_premise,3,1,3141,0.522105936449659,0.25,balanced,0.43283582089552236,0.4336605741346742,0.41192302599638086,0.41164986296833794,201.0,201.0,1.0,True
shuffled_premise,3,2,3141,0.5224741420417451,0.5,None,0.4527363184079602,0.4536697084985057,0.4193672591528575,0.4186104092517953,201.0,201.0,1.0,True
shuffled_premise,3,3,3141,0.5033727308200531,4.0,None,0.48258706467661694,0.48451370597990434,0.47047182032432766,0.4693019427840896,201.0,201.0,1.0,True
shuffled_premise,3,4,3141,0.5628005105450041,4.0,balanced,0.46,0.4595959595959596,0.44231236874101915,0.4425239305847242,200.0,200.0,1.0,True
shuffled_premise,3,5,3141,0.5246489256037105,2.0,balanced,0.5276381909547738,0.5285692748379315,0.5124254609659532,0.5118781409205455,199.0,199.0,1.0,True
