id,gold_label,zero_label,few_label,zero_correct,few_correct,correctness_transition,prediction_changed,gold_rationale_start_token,gold_rationale_end_token,zero_rationale_start_token,zero_rationale_end_token,few_rationale_start_token,few_rationale_end_token,zero_conditional_iou,few_conditional_iou,zero_joint_iou_at_0_50,few_joint_iou_at_0_50,joint_transition
FLEXID-0082,entailment,entailment,entailment,1,1,both_correct,0,9,46,10,46,9,46,0.9736842105263158,1.0,1.0,1.0,same
FLEXID-0590,contradiction,contradiction,contradiction,1,1,both_correct,0,4,18,4,18,5,18,1.0,0.9333333333333333,1.0,1.0,same
FLEXID-0371,neutral,neutral,neutral,1,1,both_correct,0,,,,,,,,,1.0,1.0,same
FLEXID-0984,neutral,neutral,neutral,1,1,both_correct,0,,,,,,,,,1.0,1.0,same
FLEXID-0089,contradiction,contradiction,contradiction,1,1,both_correct,0,17,42,17,42,18,43,1.0,0.9259259259259259,1.0,1.0,same
FLEXID-0908,contradiction,contradiction,contradiction,1,1,both_correct,0,32,52,15,40,33,52,0.23684210526315788,0.9523809523809523,0.0,1.0,0_to_1
FLEXID-0576,neutral,entailment,entailment,0,0,both_wrong,0,,,1,14,1,15,,,0.0,0.0,same
FLEXID-0320,neutral,neutral,neutral,1,1,both_correct,0,,,,,,,,,1.0,1.0,same
FLEXID-0183,neutral,neutral,neutral,1,1,both_correct,0,,,,,,,,,1.0,1.0,same
FLEXID-0744,neutral,neutral,neutral,1,1,both_correct,0,,,,,,,,,1.0,1.0,same
FLEXID-0386,contradiction,neutral,neutral,0,0,both_wrong,0,19,35,,,,,,,0.0,0.0,same
FLEXID-0661,entailment,entailment,entailment,1,1,both_correct,0,1,16,1,16,1,16,1.0,1.0,1.0,1.0,same
FLEXID-0217,neutral,neutral,neutral,1,1,both_correct,0,,,,,,,,,1.0,1.0,same
FLEXID-0327,entailment,entailment,entailment,1,1,both_correct,0,4,15,1,15,1,15,0.8,0.8,1.0,1.0,same
FLEXID-0429,neutral,neutral,neutral,1,1,both_correct,0,,,,,,,,,1.0,1.0,same
FLEXID-0252,neutral,neutral,neutral,1,1,both_correct,0,,,,,,,,,1.0,1.0,same
FLEXID-0577,entailment,entailment,entailment,1,1,both_correct,0,1,49,25,49,25,49,0.5102040816326531,0.5102040816326531,1.0,1.0,same
FLEXID-0409,entailment,entailment,entailment,1,1,both_correct,0,1,25,1,25,1,25,1.0,1.0,1.0,1.0,same
FLEXID-0397,entailment,entailment,entailment,1,1,both_correct,0,1,26,1,13,1,26,0.5,1.0,1.0,1.0,same
FLEXID-0608,contradiction,contradiction,contradiction,1,1,both_correct,0,11,23,1,23,2,23,0.5652173913043478,0.5909090909090909,1.0,1.0,same
FLEXID-0678,neutral,neutral,neutral,1,1,both_correct,0,,,,,,,,,1.0,1.0,same
FLEXID-0062,entailment,entailment,entailment,1,1,both_correct,0,1,38,2,38,1,38,0.9736842105263158,1.0,1.0,1.0,same
FLEXID-0583,entailment,entailment,entailment,1,1,both_correct,0,1,38,23,38,1,38,0.42105263157894735,1.0,0.0,1.0,0_to_1
FLEXID-0842,contradiction,contradiction,contradiction,1,1,both_correct,0,62,89,63,89,62,89,0.9642857142857143,1.0,1.0,1.0,same
FLEXID-0917,contradiction,contradiction,contradiction,1,1,both_correct,0,18,40,19,40,18,40,0.9565217391304348,1.0,1.0,1.0,same
FLEXID-0242,contradiction,contradiction,contradiction,1,1,both_correct,0,3,21,1,21,3,21,0.9047619047619048,1.0,1.0,1.0,same
FLEXID-0558,neutral,neutral,neutral,1,1,both_correct,0,,,,,,,,,1.0,1.0,same
FLEXID-0524,contradiction,contradiction,contradiction,1,1,both_correct,0,10,31,1,31,1,31,0.7096774193548387,0.7096774193548387,1.0,1.0,same
FLEXID-0729,neutral,neutral,neutral,1,1,both_correct,0,,,,,,,,,1.0,1.0,same
FLEXID-0461,contradiction,contradiction,contradiction,1,1,both_correct,0,23,43,28,33,25,39,0.2857142857142857,0.7142857142857143,0.0,1.0,0_to_1
FLEXID-0766,entailment,entailment,entailment,1,1,both_correct,0,1,18,1,18,1,18,1.0,1.0,1.0,1.0,same
FLEXID-0054,contradiction,contradiction,contradiction,1,1,both_correct,0,23,40,23,40,21,40,1.0,0.9,1.0,1.0,same
FLEXID-0930,neutral,neutral,neutral,1,1,both_correct,0,,,,,,,,,1.0,1.0,same
FLEXID-0169,neutral,neutral,neutral,1,1,both_correct,0,,,,,,,,,1.0,1.0,same
FLEXID-0942,neutral,neutral,neutral,1,1,both_correct,0,,,,,,,,,1.0,1.0,same
FLEXID-0340,contradiction,neutral,contradiction,0,1,zero_wrong_few_correct,1,9,34,,,1,34,,0.7647058823529411,0.0,1.0,0_to_1
FLEXID-0031,entailment,entailment,entailment,1,1,both_correct,0,33,43,18,43,18,43,0.4230769230769231,0.4230769230769231,0.0,0.0,same
FLEXID-0131,contradiction,contradiction,contradiction,1,1,both_correct,0,15,40,8,40,15,40,0.7878787878787878,1.0,1.0,1.0,same
FLEXID-0797,contradiction,contradiction,contradiction,1,1,both_correct,0,7,34,8,17,7,17,0.35714285714285715,0.39285714285714285,0.0,0.0,same
FLEXID-0845,contradiction,contradiction,contradiction,1,1,both_correct,0,25,31,1,31,20,31,0.22580645161290322,0.5833333333333334,0.0,1.0,0_to_1
FLEXID-0034,entailment,entailment,entailment,1,1,both_correct,0,1,39,17,39,1,39,0.5897435897435898,1.0,1.0,1.0,same
FLEXID-0165,neutral,neutral,neutral,1,1,both_correct,0,,,,,,,,,1.0,1.0,same
FLEXID-0390,neutral,neutral,neutral,1,1,both_correct,0,,,,,,,,,1.0,1.0,same
FLEXID-0365,neutral,neutral,neutral,1,1,both_correct,0,,,,,,,,,1.0,1.0,same
FLEXID-0889,entailment,entailment,entailment,1,1,both_correct,0,6,24,1,24,1,24,0.7916666666666666,0.7916666666666666,1.0,1.0,same
FLEXID-0392,contradiction,contradiction,contradiction,1,1,both_correct,0,23,37,23,37,23,37,1.0,1.0,1.0,1.0,same
FLEXID-0506,contradiction,contradiction,contradiction,1,1,both_correct,0,11,22,11,22,11,22,1.0,1.0,1.0,1.0,same
FLEXID-0359,neutral,neutral,neutral,1,1,both_correct,0,,,,,,,,,1.0,1.0,same
FLEXID-0527,contradiction,contradiction,contradiction,1,1,both_correct,0,24,44,24,44,24,44,1.0,1.0,1.0,1.0,same
FLEXID-0290,entailment,entailment,entailment,1,1,both_correct,0,69,77,69,77,69,77,1.0,1.0,1.0,1.0,same
FLEXID-0362,neutral,neutral,neutral,1,1,both_correct,0,,,,,,,,,1.0,1.0,same
FLEXID-0519,neutral,neutral,neutral,1,1,both_correct,0,,,,,,,,,1.0,1.0,same
FLEXID-0682,entailment,entailment,entailment,1,1,both_correct,0,1,9,1,9,1,9,1.0,1.0,1.0,1.0,same
FLEXID-0367,contradiction,contradiction,contradiction,1,1,both_correct,0,24,37,24,31,25,32,0.5714285714285714,0.5714285714285714,1.0,1.0,same
FLEXID-0769,entailment,entailment,entailment,1,1,both_correct,0,1,28,1,19,1,19,0.6785714285714286,0.6785714285714286,1.0,1.0,same
FLEXID-0543,neutral,neutral,neutral,1,1,both_correct,0,,,,,,,,,1.0,1.0,same
FLEXID-0691,entailment,entailment,entailment,1,1,both_correct,0,10,22,10,22,10,22,1.0,1.0,1.0,1.0,same
FLEXID-0258,neutral,contradiction,neutral,0,1,zero_wrong_few_correct,1,,,1,1,,,,,0.0,1.0,0_to_1
FLEXID-0013,contradiction,contradiction,contradiction,1,1,both_correct,0,29,41,29,41,29,41,1.0,1.0,1.0,1.0,same
FLEXID-0856,entailment,entailment,entailment,1,1,both_correct,0,48,58,48,58,48,58,1.0,1.0,1.0,1.0,same
FLEXID-0162,neutral,neutral,neutral,1,1,both_correct,0,,,,,,,,,1.0,1.0,same
FLEXID-0382,entailment,neutral,entailment,0,1,zero_wrong_few_correct,1,1,28,,,1,28,,1.0,0.0,1.0,0_to_1
FLEXID-0103,neutral,entailment,entailment,0,0,both_wrong,0,,,33,63,44,63,,,0.0,0.0,same
FLEXID-0152,contradiction,contradiction,contradiction,1,1,both_correct,0,18,32,18,32,18,32,1.0,1.0,1.0,1.0,same
FLEXID-0061,contradiction,neutral,contradiction,0,1,zero_wrong_few_correct,1,4,12,,,1,12,,0.75,0.0,1.0,0_to_1
FLEXID-0315,entailment,entailment,entailment,1,1,both_correct,0,5,19,5,19,1,19,1.0,0.7894736842105263,1.0,1.0,same
FLEXID-0049,entailment,entailment,entailment,1,1,both_correct,0,7,12,1,19,1,19,0.3157894736842105,0.3157894736842105,0.0,0.0,same
FLEXID-0537,neutral,neutral,neutral,1,1,both_correct,0,,,,,,,,,1.0,1.0,same
FLEXID-0372,entailment,entailment,entailment,1,1,both_correct,0,1,29,2,29,1,29,0.9655172413793104,1.0,1.0,1.0,same
FLEXID-0351,entailment,entailment,entailment,1,1,both_correct,0,16,26,1,33,1,33,0.3333333333333333,0.3333333333333333,0.0,0.0,same
FLEXID-0774,neutral,neutral,neutral,1,1,both_correct,0,,,,,,,,,1.0,1.0,same
FLEXID-0487,entailment,entailment,entailment,1,1,both_correct,0,15,70,15,70,15,70,1.0,1.0,1.0,1.0,same
FLEXID-0293,entailment,entailment,entailment,1,1,both_correct,0,21,25,23,25,11,25,0.6,0.3333333333333333,1.0,0.0,1_to_0
FLEXID-0097,neutral,neutral,contradiction,1,0,zero_correct_few_wrong,1,,,,,12,39,,,1.0,0.0,1_to_0
FLEXID-0407,contradiction,contradiction,contradiction,1,1,both_correct,0,22,33,22,33,22,33,1.0,1.0,1.0,1.0,same
FLEXID-0310,contradiction,contradiction,contradiction,1,1,both_correct,0,47,75,47,75,46,75,1.0,0.9666666666666667,1.0,1.0,same
FLEXID-0967,entailment,entailment,entailment,1,1,both_correct,0,1,3,1,3,1,3,1.0,1.0,1.0,1.0,same
FLEXID-0672,neutral,neutral,neutral,1,1,both_correct,0,,,,,,,,,1.0,1.0,same
FLEXID-0881,contradiction,contradiction,contradiction,1,1,both_correct,0,18,38,18,38,18,38,1.0,1.0,1.0,1.0,same
FLEXID-0418,entailment,entailment,entailment,1,1,both_correct,0,30,43,4,43,4,43,0.35,0.35,0.0,0.0,same
FLEXID-0441,neutral,neutral,contradiction,1,0,zero_correct_few_wrong,1,,,,,31,46,,,1.0,0.0,1_to_0
FLEXID-0227,entailment,entailment,entailment,1,1,both_correct,0,1,16,1,16,11,16,1.0,0.375,1.0,0.0,1_to_0
FLEXID-0963,neutral,neutral,neutral,1,1,both_correct,0,,,,,,,,,1.0,1.0,same
FLEXID-0324,entailment,entailment,entailment,1,1,both_correct,0,1,11,1,11,1,11,1.0,1.0,1.0,1.0,same
FLEXID-0806,contradiction,contradiction,contradiction,1,1,both_correct,0,5,17,1,9,1,9,0.29411764705882354,0.29411764705882354,0.0,0.0,same
FLEXID-0522,neutral,neutral,neutral,1,1,both_correct,0,,,,,,,,,1.0,1.0,same
FLEXID-0868,entailment,neutral,entailment,0,1,zero_wrong_few_correct,1,1,19,,,1,19,,1.0,0.0,1.0,0_to_1
FLEXID-0509,contradiction,contradiction,contradiction,1,1,both_correct,0,7,22,7,22,1,9,1.0,0.13636363636363635,1.0,0.0,1_to_0
FLEXID-0043,entailment,neutral,neutral,0,0,both_wrong,0,1,12,,,,,,,0.0,0.0,same
FLEXID-0344,neutral,neutral,neutral,1,1,both_correct,0,,,,,,,,,1.0,1.0,same
FLEXID-0015,contradiction,contradiction,contradiction,1,1,both_correct,0,1,39,3,39,1,39,0.9487179487179487,1.0,1.0,1.0,same
FLEXID-0603,neutral,neutral,neutral,1,1,both_correct,0,,,,,,,,,1.0,1.0,same
FLEXID-0092,entailment,entailment,entailment,1,1,both_correct,0,1,28,1,28,1,28,1.0,1.0,1.0,1.0,same
FLEXID-0871,entailment,entailment,entailment,1,1,both_correct,0,1,8,1,17,1,17,0.47058823529411764,0.47058823529411764,0.0,0.0,same
FLEXID-0297,entailment,entailment,entailment,1,1,both_correct,0,1,32,1,32,1,32,1.0,1.0,1.0,1.0,same
FLEXID-0449,contradiction,contradiction,contradiction,1,1,both_correct,0,19,41,19,41,19,41,1.0,1.0,1.0,1.0,same
FLEXID-0279,contradiction,contradiction,contradiction,1,1,both_correct,0,3,22,1,22,1,22,0.9090909090909091,0.9090909090909091,1.0,1.0,same
FLEXID-0599,contradiction,contradiction,contradiction,1,1,both_correct,0,56,81,57,71,57,70,0.5769230769230769,0.5384615384615384,1.0,1.0,same
FLEXID-0179,neutral,neutral,neutral,1,1,both_correct,0,,,,,,,,,1.0,1.0,same
FLEXID-0451,entailment,entailment,entailment,1,1,both_correct,0,7,19,1,19,1,19,0.6842105263157895,0.6842105263157895,1.0,1.0,same
FLEXID-0883,entailment,entailment,entailment,1,1,both_correct,0,1,41,1,41,1,41,1.0,1.0,1.0,1.0,same
FLEXID-0474,neutral,neutral,neutral,1,1,both_correct,0,,,,,,,,,1.0,1.0,same
FLEXID-0093,contradiction,contradiction,contradiction,1,1,both_correct,0,1,37,1,37,1,37,1.0,1.0,1.0,1.0,same
FLEXID-0733,entailment,entailment,entailment,1,1,both_correct,0,1,16,1,16,1,16,1.0,1.0,1.0,1.0,same
FLEXID-0959,contradiction,contradiction,contradiction,1,1,both_correct,0,33,53,34,53,1,53,0.9523809523809523,0.39622641509433965,1.0,0.0,1_to_0
FLEXID-0902,contradiction,contradiction,contradiction,1,1,both_correct,0,34,45,34,45,34,45,1.0,1.0,1.0,1.0,same
FLEXID-0331,contradiction,contradiction,contradiction,1,1,both_correct,0,6,20,1,20,1,20,0.75,0.75,1.0,1.0,same
FLEXID-0513,neutral,entailment,neutral,0,1,zero_wrong_few_correct,1,,,27,52,,,,,0.0,1.0,0_to_1
FLEXID-0653,contradiction,contradiction,contradiction,1,1,both_correct,0,23,46,23,46,23,46,1.0,1.0,1.0,1.0,same
FLEXID-0736,entailment,entailment,entailment,1,1,both_correct,0,55,90,55,90,1,90,1.0,0.4,1.0,0.0,1_to_0
FLEXID-0840,neutral,neutral,neutral,1,1,both_correct,0,,,,,,,,,1.0,1.0,same
FLEXID-0604,entailment,entailment,entailment,1,1,both_correct,0,14,42,14,42,1,42,1.0,0.6904761904761905,1.0,1.0,same
FLEXID-0084,entailment,entailment,entailment,1,1,both_correct,0,8,18,8,18,8,18,1.0,1.0,1.0,1.0,same
FLEXID-0423,neutral,neutral,neutral,1,1,both_correct,0,,,,,,,,,1.0,1.0,same
FLEXID-0004,entailment,entailment,entailment,1,1,both_correct,0,1,42,5,42,1,42,0.9047619047619048,1.0,1.0,1.0,same
FLEXID-0818,contradiction,contradiction,contradiction,1,1,both_correct,0,1,24,19,24,19,24,0.25,0.25,0.0,0.0,same
FLEXID-0295,contradiction,contradiction,contradiction,1,1,both_correct,0,14,31,1,22,1,22,0.2903225806451613,0.2903225806451613,0.0,0.0,same
FLEXID-0171,neutral,neutral,neutral,1,1,both_correct,0,,,,,,,,,1.0,1.0,same
FLEXID-0895,entailment,entailment,entailment,1,1,both_correct,0,3,21,2,21,1,21,0.95,0.9047619047619048,1.0,1.0,same
FLEXID-0446,contradiction,contradiction,contradiction,1,1,both_correct,0,23,25,20,25,20,25,0.5,0.5,1.0,1.0,same
FLEXID-0800,contradiction,contradiction,contradiction,1,1,both_correct,0,73,89,73,89,73,89,1.0,1.0,1.0,1.0,same
FLEXID-0338,neutral,neutral,neutral,1,1,both_correct,0,,,,,,,,,1.0,1.0,same
FLEXID-0199,neutral,neutral,neutral,1,1,both_correct,0,,,,,,,,,1.0,1.0,same
FLEXID-0651,neutral,neutral,neutral,1,1,both_correct,0,,,,,,,,,1.0,1.0,same
FLEXID-0923,contradiction,contradiction,contradiction,1,1,both_correct,0,1,20,1,20,1,20,1.0,1.0,1.0,1.0,same
FLEXID-0115,neutral,neutral,neutral,1,1,both_correct,0,,,,,,,,,1.0,1.0,same
FLEXID-0564,neutral,neutral,neutral,1,1,both_correct,0,,,,,,,,,1.0,1.0,same
FLEXID-0065,entailment,entailment,entailment,1,1,both_correct,0,30,50,30,50,30,50,1.0,1.0,1.0,1.0,same
FLEXID-0476,contradiction,contradiction,contradiction,1,1,both_correct,0,13,29,17,29,13,29,0.7647058823529411,1.0,1.0,1.0,same
FLEXID-0719,contradiction,contradiction,contradiction,1,1,both_correct,0,7,11,7,11,7,11,1.0,1.0,1.0,1.0,same
FLEXID-0127,entailment,entailment,entailment,1,1,both_correct,0,46,56,46,56,46,56,1.0,1.0,1.0,1.0,same
FLEXID-0149,contradiction,contradiction,contradiction,1,1,both_correct,0,57,64,57,64,59,64,1.0,0.75,1.0,1.0,same
FLEXID-0568,entailment,entailment,entailment,1,1,both_correct,0,1,11,1,11,1,11,1.0,1.0,1.0,1.0,same
FLEXID-0247,entailment,entailment,entailment,1,1,both_correct,0,1,6,1,6,1,6,1.0,1.0,1.0,1.0,same
FLEXID-0785,contradiction,contradiction,contradiction,1,1,both_correct,0,4,25,1,25,1,25,0.88,0.88,1.0,1.0,same
FLEXID-0138,neutral,neutral,neutral,1,1,both_correct,0,,,,,,,,,1.0,1.0,same
FLEXID-0697,entailment,neutral,entailment,0,1,zero_wrong_few_correct,1,1,45,,,1,34,,0.7555555555555555,0.0,1.0,0_to_1
FLEXID-0709,entailment,entailment,entailment,1,1,both_correct,0,1,26,1,26,1,26,1.0,1.0,1.0,1.0,same
FLEXID-0863,contradiction,contradiction,contradiction,1,1,both_correct,0,7,12,1,12,1,12,0.5,0.5,1.0,1.0,same
FLEXID-0478,entailment,entailment,entailment,1,1,both_correct,0,17,46,1,46,1,46,0.6521739130434783,0.6521739130434783,1.0,1.0,same
FLEXID-0943,entailment,entailment,entailment,1,1,both_correct,0,1,57,1,41,1,41,0.7192982456140351,0.7192982456140351,1.0,1.0,same
FLEXID-0077,contradiction,contradiction,contradiction,1,1,both_correct,0,36,49,36,49,36,49,1.0,1.0,1.0,1.0,same
FLEXID-0687,neutral,entailment,entailment,0,0,both_wrong,0,,,1,12,1,12,,,0.0,0.0,same
FLEXID-0531,neutral,neutral,neutral,1,1,both_correct,0,,,,,,,,,1.0,1.0,same
FLEXID-0658,entailment,entailment,entailment,1,1,both_correct,0,1,18,1,18,1,18,1.0,1.0,1.0,1.0,same
FLEXID-0669,neutral,neutral,neutral,1,1,both_correct,0,,,,,,,,,1.0,1.0,same
FLEXID-0068,contradiction,contradiction,contradiction,1,1,both_correct,0,16,19,1,20,1,19,0.2,0.21052631578947367,0.0,0.0,same
FLEXID-0614,contradiction,contradiction,contradiction,1,1,both_correct,0,1,17,1,17,1,17,1.0,1.0,1.0,1.0,same
FLEXID-0995,contradiction,contradiction,contradiction,1,1,both_correct,0,14,36,15,36,14,36,0.9565217391304348,1.0,1.0,1.0,same
FLEXID-0432,neutral,neutral,neutral,1,1,both_correct,0,,,,,,,,,1.0,1.0,same
FLEXID-0052,contradiction,neutral,contradiction,0,1,zero_wrong_few_correct,1,37,48,,,37,48,,1.0,0.0,1.0,0_to_1
FLEXID-0927,neutral,neutral,neutral,1,1,both_correct,0,,,,,,,,,1.0,1.0,same
FLEXID-0587,contradiction,contradiction,contradiction,1,1,both_correct,0,85,99,85,99,85,99,1.0,1.0,1.0,1.0,same
FLEXID-0234,entailment,entailment,entailment,1,1,both_correct,0,7,38,2,38,1,38,0.8648648648648649,0.8421052631578947,1.0,1.0,same
FLEXID-0760,entailment,entailment,entailment,1,1,both_correct,0,21,59,1,59,1,59,0.6610169491525424,0.6610169491525424,1.0,1.0,same
FLEXID-0822,neutral,neutral,neutral,1,1,both_correct,0,,,,,,,,,1.0,1.0,same
FLEXID-0679,entailment,entailment,entailment,1,1,both_correct,0,1,41,1,41,1,41,1.0,1.0,1.0,1.0,same
FLEXID-0621,neutral,neutral,neutral,1,1,both_correct,0,,,,,,,,,1.0,1.0,same
FLEXID-0874,entailment,entailment,entailment,1,1,both_correct,0,1,33,2,27,7,33,0.7878787878787878,0.8181818181818182,1.0,1.0,same
FLEXID-0377,contradiction,contradiction,contradiction,1,1,both_correct,0,23,39,23,39,23,39,1.0,1.0,1.0,1.0,same
FLEXID-0855,neutral,neutral,neutral,1,1,both_correct,0,,,,,,,,,1.0,1.0,same
FLEXID-0998,contradiction,contradiction,contradiction,1,1,both_correct,0,16,35,11,33,1,35,0.72,0.5714285714285714,1.0,1.0,same
FLEXID-0053,entailment,entailment,entailment,1,1,both_correct,0,49,107,49,107,66,107,1.0,0.711864406779661,1.0,1.0,same
FLEXID-0313,contradiction,entailment,contradiction,0,1,zero_wrong_few_correct,1,1,17,1,17,1,17,,1.0,0.0,1.0,0_to_1
FLEXID-0790,entailment,neutral,neutral,0,0,both_wrong,0,15,44,,,,,,,0.0,0.0,same
FLEXID-0831,neutral,neutral,neutral,1,1,both_correct,0,,,,,,,,,1.0,1.0,same
FLEXID-0002,entailment,entailment,entailment,1,1,both_correct,0,1,9,1,9,1,9,1.0,1.0,1.0,1.0,same
FLEXID-0572,contradiction,contradiction,contradiction,1,1,both_correct,0,1,12,1,12,1,12,1.0,1.0,1.0,1.0,same
FLEXID-0226,neutral,neutral,neutral,1,1,both_correct,0,,,,,,,,,1.0,1.0,same
FLEXID-0492,neutral,neutral,contradiction,1,0,zero_correct_few_wrong,1,,,,,14,18,,,1.0,0.0,1_to_0
FLEXID-0899,contradiction,contradiction,contradiction,1,1,both_correct,0,23,48,23,48,23,48,1.0,1.0,1.0,1.0,same
FLEXID-0812,contradiction,contradiction,contradiction,1,1,both_correct,0,1,22,1,31,1,31,0.7096774193548387,0.7096774193548387,1.0,1.0,same
FLEXID-0157,entailment,entailment,entailment,1,1,both_correct,0,17,24,17,24,10,24,1.0,0.5333333333333333,1.0,1.0,same
FLEXID-0195,contradiction,contradiction,contradiction,1,1,both_correct,0,1,21,1,12,4,12,0.5714285714285714,0.42857142857142855,1.0,0.0,1_to_0
FLEXID-0207,neutral,neutral,neutral,1,1,both_correct,0,,,,,,,,,1.0,1.0,same
FLEXID-0646,entailment,entailment,entailment,1,1,both_correct,0,18,53,1,53,1,53,0.6792452830188679,0.6792452830188679,1.0,1.0,same
FLEXID-0597,neutral,neutral,neutral,1,1,both_correct,0,,,,,,,,,1.0,1.0,same
FLEXID-0989,contradiction,contradiction,contradiction,1,1,both_correct,0,1,11,2,18,1,11,0.5555555555555556,1.0,1.0,1.0,same
FLEXID-0673,entailment,entailment,entailment,1,1,both_correct,0,17,42,1,42,1,42,0.6190476190476191,0.6190476190476191,1.0,1.0,same
FLEXID-0516,neutral,neutral,neutral,1,1,both_correct,0,,,,,,,,,1.0,1.0,same
