id,gold_label,candidate_label,label_agreement,in_s_span,gold_start,gold_end,candidate_start,candidate_end,token_f1,token_iou,exact_match,joint_iou_at_0_50_success
FLEXID-0082,entailment,entailment,True,True,9,46,10,46,0.9866666666666667,0.9736842105263158,False,True
FLEXID-0590,contradiction,contradiction,True,True,4,18,4,18,1.0,1.0,True,True
FLEXID-0371,neutral,neutral,True,False,,,,,,,,True
FLEXID-0984,neutral,neutral,True,False,,,,,,,,True
FLEXID-0089,contradiction,contradiction,True,True,17,42,17,42,1.0,1.0,True,True
FLEXID-0908,contradiction,contradiction,True,True,32,52,15,52,0.711864406779661,0.5526315789473685,False,True
FLEXID-0576,neutral,contradiction,False,False,,,16,29,,,,False
FLEXID-0320,neutral,neutral,True,False,,,,,,,,True
FLEXID-0183,neutral,neutral,True,False,,,,,,,,True
FLEXID-0744,neutral,neutral,True,False,,,,,,,,True
FLEXID-0386,contradiction,contradiction,True,True,19,35,19,35,1.0,1.0,True,True
FLEXID-0661,entailment,entailment,True,True,1,16,1,16,1.0,1.0,True,True
FLEXID-0217,neutral,neutral,True,False,,,,,,,,True
FLEXID-0327,entailment,entailment,True,True,4,15,1,15,0.8888888888888888,0.8,False,True
FLEXID-0429,neutral,neutral,True,False,,,,,,,,True
FLEXID-0252,neutral,neutral,True,False,,,,,,,,True
FLEXID-0577,entailment,entailment,True,True,1,49,25,49,0.6756756756756757,0.5102040816326531,False,True
FLEXID-0409,entailment,entailment,True,True,1,25,1,70,0.5263157894736842,0.35714285714285715,False,False
FLEXID-0397,entailment,entailment,True,True,1,26,1,26,1.0,1.0,True,True
FLEXID-0608,contradiction,contradiction,True,True,11,23,1,23,0.7222222222222222,0.5652173913043478,False,True
FLEXID-0678,neutral,contradiction,False,False,,,1,41,,,,False
FLEXID-0062,entailment,entailment,True,True,1,38,1,38,1.0,1.0,True,True
FLEXID-0583,entailment,entailment,True,True,1,38,1,37,0.9866666666666667,0.9736842105263158,False,True
FLEXID-0842,contradiction,contradiction,True,True,62,89,62,89,1.0,1.0,True,True
FLEXID-0917,contradiction,contradiction,True,True,18,40,18,40,1.0,1.0,True,True
FLEXID-0242,contradiction,contradiction,True,True,3,21,1,21,0.95,0.9047619047619048,False,True
FLEXID-0558,neutral,neutral,True,False,,,,,,,,True
FLEXID-0524,contradiction,contradiction,True,True,10,31,1,30,0.8076923076923077,0.6774193548387096,False,True
FLEXID-0729,neutral,neutral,True,False,,,,,,,,True
FLEXID-0461,contradiction,contradiction,True,True,23,43,5,32,0.40816326530612246,0.2564102564102564,False,False
FLEXID-0766,entailment,entailment,True,True,1,18,1,18,1.0,1.0,True,True
FLEXID-0054,contradiction,contradiction,True,True,23,40,21,40,0.9473684210526315,0.9,False,True
FLEXID-0930,neutral,neutral,True,False,,,,,,,,True
FLEXID-0169,neutral,neutral,True,False,,,,,,,,True
FLEXID-0942,neutral,neutral,True,False,,,,,,,,True
FLEXID-0340,contradiction,contradiction,True,True,9,34,1,34,0.8666666666666667,0.7647058823529411,False,True
FLEXID-0031,entailment,entailment,True,True,33,43,1,43,0.4074074074074074,0.2558139534883721,False,False
FLEXID-0131,contradiction,contradiction,True,True,15,40,9,40,0.896551724137931,0.8125,False,True
FLEXID-0797,contradiction,contradiction,True,True,7,34,1,34,0.9032258064516129,0.8235294117647058,False,True
FLEXID-0845,contradiction,contradiction,True,True,25,31,1,30,0.32432432432432434,0.1935483870967742,False,False
FLEXID-0034,entailment,entailment,True,True,1,39,1,39,1.0,1.0,True,True
FLEXID-0165,neutral,neutral,True,False,,,,,,,,True
FLEXID-0390,neutral,entailment,False,False,,,1,54,,,,False
FLEXID-0365,neutral,neutral,True,False,,,,,,,,True
FLEXID-0889,entailment,entailment,True,True,6,24,1,24,0.8837209302325582,0.7916666666666666,False,True
FLEXID-0392,contradiction,contradiction,True,True,23,37,1,37,0.5769230769230769,0.40540540540540543,False,False
FLEXID-0506,contradiction,contradiction,True,True,11,22,1,22,0.7058823529411765,0.5454545454545454,False,True
FLEXID-0359,neutral,neutral,True,False,,,,,,,,True
FLEXID-0527,contradiction,contradiction,True,True,24,44,24,44,1.0,1.0,True,True
FLEXID-0290,entailment,entailment,True,True,69,77,69,77,1.0,1.0,True,True
FLEXID-0362,neutral,neutral,True,False,,,,,,,,True
FLEXID-0519,neutral,neutral,True,False,,,,,,,,True
FLEXID-0682,entailment,entailment,True,True,1,9,1,9,1.0,1.0,True,True
FLEXID-0367,contradiction,contradiction,True,True,24,37,22,37,0.9333333333333333,0.875,False,True
FLEXID-0769,entailment,entailment,True,True,1,28,1,28,1.0,1.0,True,True
FLEXID-0543,neutral,neutral,True,False,,,,,,,,True
FLEXID-0691,entailment,entailment,True,True,10,22,10,22,1.0,1.0,True,True
FLEXID-0258,neutral,neutral,True,False,,,,,,,,True
FLEXID-0013,contradiction,contradiction,True,True,29,41,1,41,0.48148148148148145,0.3170731707317073,False,False
FLEXID-0856,entailment,entailment,True,True,48,58,48,58,1.0,1.0,True,True
FLEXID-0162,neutral,neutral,True,False,,,,,,,,True
FLEXID-0382,entailment,entailment,True,True,1,28,1,28,1.0,1.0,True,True
FLEXID-0103,neutral,entailment,False,False,,,44,63,,,,False
FLEXID-0152,contradiction,contradiction,True,True,18,32,18,32,1.0,1.0,True,True
FLEXID-0061,contradiction,contradiction,True,True,4,12,1,24,0.5454545454545454,0.375,False,False
FLEXID-0315,entailment,entailment,True,True,5,19,1,19,0.8823529411764706,0.7894736842105263,False,True
FLEXID-0049,entailment,entailment,True,True,7,12,1,19,0.48,0.3157894736842105,False,False
FLEXID-0537,neutral,neutral,True,False,,,,,,,,True
FLEXID-0372,entailment,entailment,True,True,1,29,1,29,1.0,1.0,True,True
FLEXID-0351,entailment,entailment,True,True,16,26,1,33,0.5,0.3333333333333333,False,False
FLEXID-0774,neutral,contradiction,False,False,,,1,30,,,,False
FLEXID-0487,entailment,entailment,True,True,15,70,15,70,1.0,1.0,True,True
FLEXID-0293,entailment,entailment,True,True,21,25,1,32,0.2702702702702703,0.15625,False,False
FLEXID-0097,neutral,neutral,True,False,,,,,,,,True
FLEXID-0407,contradiction,contradiction,True,True,22,33,22,33,1.0,1.0,True,True
FLEXID-0310,contradiction,contradiction,True,True,47,75,46,75,0.9830508474576272,0.9666666666666667,False,True
FLEXID-0967,entailment,entailment,True,True,1,3,1,3,1.0,1.0,True,True
FLEXID-0672,neutral,contradiction,False,False,,,1,25,,,,False
FLEXID-0881,contradiction,contradiction,True,True,18,38,18,38,1.0,1.0,True,True
FLEXID-0418,entailment,entailment,True,True,30,43,1,43,0.49122807017543857,0.32558139534883723,False,False
FLEXID-0441,neutral,neutral,True,False,,,,,,,,True
FLEXID-0227,entailment,entailment,True,True,1,16,1,27,0.7441860465116279,0.5925925925925926,False,True
FLEXID-0963,neutral,neutral,True,False,,,,,,,,True
FLEXID-0324,entailment,entailment,True,True,1,11,1,11,1.0,1.0,True,True
FLEXID-0806,contradiction,contradiction,True,True,5,17,1,16,0.8275862068965517,0.7058823529411765,False,True
FLEXID-0522,neutral,neutral,True,False,,,,,,,,True
FLEXID-0868,entailment,entailment,True,True,1,19,1,19,1.0,1.0,True,True
FLEXID-0509,contradiction,contradiction,True,True,7,22,1,22,0.8421052631578947,0.7272727272727273,False,True
FLEXID-0043,entailment,entailment,True,True,1,12,1,31,0.5581395348837209,0.3870967741935484,False,False
FLEXID-0344,neutral,neutral,True,False,,,,,,,,True
FLEXID-0015,contradiction,contradiction,True,True,1,39,1,39,1.0,1.0,True,True
FLEXID-0603,neutral,neutral,True,False,,,,,,,,True
FLEXID-0092,entailment,entailment,True,True,1,28,1,28,1.0,1.0,True,True
FLEXID-0871,entailment,entailment,True,True,1,8,1,15,0.6956521739130435,0.5333333333333333,False,True
FLEXID-0297,entailment,entailment,True,True,1,32,1,32,1.0,1.0,True,True
FLEXID-0449,contradiction,contradiction,True,True,19,41,19,40,0.9777777777777777,0.9565217391304348,False,True
FLEXID-0279,contradiction,contradiction,True,True,3,22,1,22,0.9523809523809523,0.9090909090909091,False,True
FLEXID-0599,contradiction,contradiction,True,True,56,81,56,70,0.7317073170731707,0.5769230769230769,False,True
FLEXID-0179,neutral,neutral,True,False,,,,,,,,True
FLEXID-0451,entailment,entailment,True,True,7,19,1,19,0.8125,0.6842105263157895,False,True
FLEXID-0883,entailment,entailment,True,True,1,41,1,40,0.9876543209876543,0.975609756097561,False,True
FLEXID-0474,neutral,neutral,True,False,,,,,,,,True
FLEXID-0093,contradiction,contradiction,True,True,1,37,1,37,1.0,1.0,True,True
FLEXID-0733,entailment,entailment,True,True,1,16,1,16,1.0,1.0,True,True
FLEXID-0959,contradiction,contradiction,True,True,33,53,1,53,0.5675675675675675,0.39622641509433965,False,False
FLEXID-0902,contradiction,contradiction,True,True,34,45,34,45,1.0,1.0,True,True
FLEXID-0331,contradiction,contradiction,True,True,6,20,1,20,0.8571428571428571,0.75,False,True
FLEXID-0513,neutral,neutral,True,False,,,,,,,,True
FLEXID-0653,contradiction,contradiction,True,True,23,46,23,46,1.0,1.0,True,True
FLEXID-0736,entailment,entailment,True,True,55,90,55,90,1.0,1.0,True,True
FLEXID-0840,neutral,neutral,True,False,,,,,,,,True
FLEXID-0604,entailment,entailment,True,True,14,42,1,42,0.8169014084507042,0.6904761904761905,False,True
FLEXID-0084,entailment,entailment,True,True,8,18,1,18,0.7586206896551724,0.6111111111111112,False,True
FLEXID-0423,neutral,neutral,True,False,,,,,,,,True
FLEXID-0004,entailment,entailment,True,True,1,42,1,42,1.0,1.0,True,True
FLEXID-0818,contradiction,contradiction,True,True,1,24,1,24,1.0,1.0,True,True
FLEXID-0295,contradiction,contradiction,True,True,14,31,1,38,0.6428571428571429,0.47368421052631576,False,False
FLEXID-0171,neutral,neutral,True,False,,,,,,,,True
FLEXID-0895,entailment,entailment,True,True,3,21,1,21,0.95,0.9047619047619048,False,True
FLEXID-0446,contradiction,contradiction,True,True,23,25,15,26,0.4,0.25,False,False
FLEXID-0800,contradiction,contradiction,True,True,73,89,73,89,1.0,1.0,True,True
FLEXID-0338,neutral,neutral,True,False,,,,,,,,True
FLEXID-0199,neutral,neutral,True,False,,,,,,,,True
FLEXID-0651,neutral,neutral,True,False,,,,,,,,True
FLEXID-0923,contradiction,contradiction,True,True,1,20,1,20,1.0,1.0,True,True
FLEXID-0115,neutral,neutral,True,False,,,,,,,,True
FLEXID-0564,neutral,neutral,True,False,,,,,,,,True
FLEXID-0065,entailment,entailment,True,True,30,50,1,50,0.5915492957746479,0.42,False,False
FLEXID-0476,contradiction,contradiction,True,True,13,29,1,29,0.7391304347826086,0.5862068965517241,False,True
FLEXID-0719,contradiction,contradiction,True,True,7,11,1,11,0.625,0.45454545454545453,False,False
FLEXID-0127,entailment,entailment,True,True,46,56,1,56,0.3283582089552239,0.19642857142857142,False,False
FLEXID-0149,contradiction,contradiction,True,True,57,64,57,64,1.0,1.0,True,True
FLEXID-0568,entailment,entailment,True,True,1,11,1,11,1.0,1.0,True,True
FLEXID-0247,entailment,entailment,True,True,1,6,1,6,1.0,1.0,True,True
FLEXID-0785,contradiction,contradiction,True,True,4,25,1,25,0.9361702127659575,0.88,False,True
FLEXID-0138,neutral,neutral,True,False,,,,,,,,True
FLEXID-0697,entailment,entailment,True,True,1,45,1,45,1.0,1.0,True,True
FLEXID-0709,entailment,entailment,True,True,1,26,1,70,0.5416666666666666,0.37142857142857144,False,False
FLEXID-0863,contradiction,contradiction,True,True,7,12,1,12,0.6666666666666666,0.5,False,True
FLEXID-0478,entailment,entailment,True,True,17,46,1,46,0.7894736842105263,0.6521739130434783,False,True
FLEXID-0943,entailment,entailment,True,True,1,57,1,57,1.0,1.0,True,True
FLEXID-0077,contradiction,contradiction,True,True,36,49,35,49,0.9655172413793104,0.9333333333333333,False,True
FLEXID-0687,neutral,entailment,False,False,,,1,12,,,,False
FLEXID-0531,neutral,neutral,True,False,,,,,,,,True
FLEXID-0658,entailment,entailment,True,True,1,18,1,18,1.0,1.0,True,True
FLEXID-0669,neutral,neutral,True,False,,,,,,,,True
FLEXID-0068,contradiction,contradiction,True,True,16,19,1,26,0.26666666666666666,0.15384615384615385,False,False
FLEXID-0614,contradiction,contradiction,True,True,1,17,1,17,1.0,1.0,True,True
FLEXID-0995,contradiction,contradiction,True,True,14,36,14,36,1.0,1.0,True,True
FLEXID-0432,neutral,neutral,True,False,,,,,,,,True
FLEXID-0052,contradiction,contradiction,True,True,37,48,37,48,1.0,1.0,True,True
FLEXID-0927,neutral,neutral,True,False,,,,,,,,True
FLEXID-0587,contradiction,contradiction,True,True,85,99,85,99,1.0,1.0,True,True
FLEXID-0234,entailment,entailment,True,True,7,38,1,39,0.9014084507042254,0.8205128205128205,False,True
FLEXID-0760,entailment,entailment,True,True,21,59,1,65,0.75,0.6,False,True
FLEXID-0822,neutral,neutral,True,False,,,,,,,,True
FLEXID-0679,entailment,entailment,True,True,1,41,1,41,1.0,1.0,True,True
FLEXID-0621,neutral,neutral,True,False,,,,,,,,True
FLEXID-0874,entailment,entailment,True,True,1,33,1,33,1.0,1.0,True,True
FLEXID-0377,contradiction,contradiction,True,True,23,39,23,39,1.0,1.0,True,True
FLEXID-0855,neutral,neutral,True,False,,,,,,,,True
FLEXID-0998,contradiction,contradiction,True,True,16,35,1,35,0.7272727272727273,0.5714285714285714,False,True
FLEXID-0053,entailment,entailment,True,True,49,107,49,107,1.0,1.0,True,True
FLEXID-0313,contradiction,contradiction,True,True,1,17,1,17,1.0,1.0,True,True
FLEXID-0790,entailment,entailment,True,True,15,44,15,44,1.0,1.0,True,True
FLEXID-0831,neutral,neutral,True,False,,,,,,,,True
FLEXID-0002,entailment,entailment,True,True,1,9,1,9,1.0,1.0,True,True
FLEXID-0572,contradiction,contradiction,True,True,1,12,1,12,1.0,1.0,True,True
FLEXID-0226,neutral,neutral,True,False,,,,,,,,True
FLEXID-0492,neutral,contradiction,False,False,,,1,24,,,,False
FLEXID-0899,contradiction,contradiction,True,True,23,48,23,48,1.0,1.0,True,True
FLEXID-0812,contradiction,contradiction,True,True,1,22,1,31,0.8301886792452831,0.7096774193548387,False,True
FLEXID-0157,entailment,entailment,True,True,17,24,1,24,0.5,0.3333333333333333,False,False
FLEXID-0195,contradiction,contradiction,True,True,1,21,1,21,1.0,1.0,True,True
FLEXID-0207,neutral,neutral,True,False,,,,,,,,True
FLEXID-0646,entailment,entailment,True,True,18,53,1,53,0.8089887640449438,0.6792452830188679,False,True
FLEXID-0597,neutral,entailment,False,False,,,1,32,,,,False
FLEXID-0989,contradiction,contradiction,True,True,1,11,1,18,0.7586206896551724,0.6111111111111112,False,True
FLEXID-0673,entailment,entailment,True,True,17,42,1,42,0.7647058823529411,0.6190476190476191,False,True
FLEXID-0516,neutral,neutral,True,False,,,,,,,,True
