id,law_ref,old_position,new_position,signed_shift,absolute_shift,nearest_same_article_gap_in_shuffled_order
FLEXID-0001,"Code civil, art. 1240",1,169,168,168,166
FLEXID-0002,"Code civil, art. 1353",2,182,180,180,166
FLEXID-0003,"Code civil, art. 1240",3,335,332,332,166
FLEXID-0004,"Code civil, art. 1143",4,742,738,738,311
FLEXID-0005,"Code civil, art. 1240",5,501,496,496,166
FLEXID-0006,"Code civil, art. 1124",6,136,130,130,224
FLEXID-0007,"Code civil, art. 1123",7,896,889,889,419
FLEXID-0008,"Code civil, art. 1123",8,477,469,469,166
FLEXID-0009,"Code civil, art. 1123",9,311,302,302,166
FLEXID-0010,"Code civil, art. 1182",10,253,243,243,166
FLEXID-0011,"Code civil, art. 1182",11,419,408,408,166
FLEXID-0012,"Code civil, art. 1172",12,146,134,134,202
FLEXID-0013,"Code civil, art. 1231-1",13,756,743,743,166
FLEXID-0014,"Code civil, art. 1242",14,176,162,162,166
FLEXID-0015,"Code civil, art. 1242",15,387,372,372,211
FLEXID-0016,"Code civil, art. 320",16,307,291,291,267
FLEXID-0017,"Code civil, art. 320",17,574,557,557,166
FLEXID-0018,"Code civil, art. 161",18,179,161,161,166
FLEXID-0019,"Code civil, art. 161",19,551,532,532,166
FLEXID-0020,"Code civil, art. 161",20,717,697,697,166
FLEXID-0021,"Code civil, art. 312",21,172,151,151,166
FLEXID-0022,"Code civil, art. 312",22,338,316,316,166
FLEXID-0023,"Code civil, art. 312",23,504,481,481,166
FLEXID-0024,"Code civil, art. 1242, al. 4",24,553,529,529,170
FLEXID-0025,"Code civil, art. 1242, al. 4",25,723,698,698,170
FLEXID-0026,"Code civil, art. 9",26,261,235,235,326
FLEXID-0027,"Code civil, art. 9",27,587,560,560,326
FLEXID-0028,"Code civil, art. 311-21, al. 1",28,186,158,158,166
FLEXID-0029,"Code civil, art. 311-21, al. 1",29,582,553,553,368
FLEXID-0030,"Code civil, art. 311-21, al. 1",30,950,920,920,368
FLEXID-0031,"Code civil, art. 1124, al. 1",31,664,633,633,
FLEXID-0032,"Code civil, art. 1124",32,360,328,328,224
FLEXID-0033,"Code civil, art. 1113",33,873,840,840,470
FLEXID-0034,"Code civil, art. 1242, al. 1",34,975,941,941,402
FLEXID-0035,"Cass. 2e civ., 8 mai 1964",35,868,833,833,
FLEXID-0036,"Cass. ch. réunies, 2 décembre 1941, Franck",36,731,695,695,
FLEXID-0037,"Code civil, art. 1100-1",37,752,715,715,202
FLEXID-0038,"Code civil, art. 1359",38,367,329,329,306
FLEXID-0039,"Code civil, art. 1360",39,629,590,590,361
FLEXID-0040,"Code civil, art. 1358",40,352,312,312,375
FLEXID-0041,"Cass. 2e civ., 19 juin 2003, n° 00-22.302, publié au Bulletin",41,839,798,798,
FLEXID-0042,"Code civil, art. 60, al. 1",42,234,192,192,166
FLEXID-0043,"Jurisprudence (CE) / Code civil, art. 61",43,374,331,331,489
FLEXID-0044,"Jurisprudence (CE) / Code civil, art. 61",44,863,819,819,489
FLEXID-0045,"Code civil, art. 61-5",45,173,128,128,166
FLEXID-0046,"Code civil, art. 60, al. 1 et 2",46,650,604,604,317
FLEXID-0047,"Code civil, art. 60, al. 4",47,813,766,766,265
FLEXID-0048,"Code civil, art. 57, al. 1 et 2",48,851,803,803,
FLEXID-0049,"Code civil, art. 55",49,738,689,689,166
FLEXID-0050,"Code civil, art. 55",50,572,522,522,166
FLEXID-0051,"Code civil, art. 61-5",51,339,288,288,166
FLEXID-0052,"Code civil, art. 60",52,240,188,188,166
FLEXID-0053,"Code civil, art. 61-5",53,505,452,452,166
FLEXID-0054,"Code civil, art. 57",54,178,124,124,166
FLEXID-0055,"Code civil, art. 233",55,510,455,455,317
FLEXID-0056,"Code civil, art. 312",56,670,614,614,166
FLEXID-0057,"Code civil, art. 317, al. 2",57,584,527,527,166
FLEXID-0058,"Code civil, art. 317, al. 3",58,411,353,353,470
FLEXID-0059,"Code civil, art. 317",59,725,666,666,
FLEXID-0060,"Code civil, art. 311-25",60,502,442,442,166
FLEXID-0061,"Code civil, art. 229-1",61,255,194,194,267
FLEXID-0062,"Code civil, art. 242",62,188,126,126,193
FLEXID-0063,"Code civil, art. 238",63,304,241,241,288
FLEXID-0064,"Cass. ch. mixte, 26 mai 2006",64,755,691,691,
FLEXID-0065,"Cass. 1re civ., 16 juillet 1985",65,677,612,612,
FLEXID-0066,"Code civil, art. 1132",66,800,734,734,166
FLEXID-0067,"Ordonnance n° 2016-131, art. 9 (dispositions transitoires de la réforme de 2016)",67,682,615,615,
FLEXID-0068,"Code civil, art. 1128",68,397,329,329,309
FLEXID-0069,"Code civil, art. 1136",69,781,712,712,166
FLEXID-0070,"Code civil, art. 1136",70,615,545,545,166
FLEXID-0071,"Code civil, art. 1172",71,348,277,277,202
FLEXID-0072,"Code civil, art. 1182, al. 3",72,696,624,624,
FLEXID-0073,"Code civil, art. 1100, al. 2",73,970,897,897,609
FLEXID-0074,"Cass. 1re civ., 4 novembre 2011, Eurochallenges",74,676,602,602,
FLEXID-0075,"Code civil, art. 1164",75,803,728,728,249
FLEXID-0076,"Code civil, art. 1137, al. 3",76,893,817,817,511
FLEXID-0077,"Code civil, art. 1112-1",77,154,77,77,406
FLEXID-0078,"Code civil, art. 16",78,333,255,255,166
FLEXID-0079,"Code civil, art. 16",79,499,420,420,166
FLEXID-0080,"Code civil, art. 16",80,665,585,585,166
FLEXID-0081,"Code civil, art. 2276",81,239,158,158,221
FLEXID-0082,"Code civil, art. 2276",82,511,429,429,272
FLEXID-0083,"Code civil, art. 2276",83,936,853,853,425
FLEXID-0084,"Code civil, art. 2274",84,341,257,257,504
FLEXID-0085,"Cass. 1re civ., 23 mars 1965, n° 63-11.238",85,777,692,692,
FLEXID-0086,"Code civil, art. 1401",86,235,149,149,166
FLEXID-0087,"Code civil, art. 815-13",87,985,898,898,643
FLEXID-0088,"Code civil, art. 815-13",88,342,254,254,283
FLEXID-0089,"Code civil, art. 1426",89,181,92,92,166
FLEXID-0090,"Code civil, art. 1426",90,566,476,476,385
FLEXID-0091,"Code civil, art. 1421",91,871,780,780,417
FLEXID-0092,"Code civil, art. 1402",92,457,365,365,431
FLEXID-0093,"Code civil, art. 1401",93,401,308,308,166
FLEXID-0094,"Code civil, art. 1426",94,972,878,878,406
FLEXID-0095,"Code civil, art. 815",95,915,820,820,398
FLEXID-0096,"Code civil, art. 815",96,517,421,421,398
FLEXID-0097,"Code civil, art. 815-13",97,59,-38,38,283
FLEXID-0098,"Code civil, art. 1240",98,667,569,569,166
FLEXID-0099,"Code civil, art. 1353",99,623,524,524,166
FLEXID-0100,"Code civil, art. 1240",100,833,733,733,166
FLEXID-0101,"Code civil, art. 1143",101,431,330,330,311
FLEXID-0102,"Code civil, art. 1240",102,3,-99,99,166
FLEXID-0103,"Code civil, art. 1124",103,857,754,754,497
FLEXID-0104,"Code civil, art. 1123",104,9,-95,95,302
FLEXID-0105,"Code civil, art. 60",105,406,301,301,166
FLEXID-0106,"Code civil, art. 57",106,358,252,252,180
FLEXID-0107,"Code civil, art. 61-5",107,960,853,853,455
FLEXID-0108,"Code civil, art. 57",108,982,874,874,624
FLEXID-0109,"Code civil, art. 55",109,312,203,203,260
FLEXID-0110,"Code civil, art. 1242, al. 1",110,573,463,463,402
FLEXID-0111,"Code civil, art. 1242",111,692,581,581,305
FLEXID-0112,"Code civil, art. 1242",112,10,-102,102,166
FLEXID-0113,"Code civil, art. 815-17, al. 2–3",113,961,848,848,344
FLEXID-0114,"Code civil, art. 815-17, al. 2–3",114,617,503,503,344
FLEXID-0115,"Code civil, art. 815-17, al. 1",115,959,844,844,
FLEXID-0116,"Code civil, art. 815-17, al. 2–3",116,53,-63,63,564
FLEXID-0117,"Code civil, art. 215",117,503,386,386,166
FLEXID-0118,"Code civil, art. 215",118,669,551,551,166
FLEXID-0119,"Code civil, art. 215",119,835,716,716,166
FLEXID-0120,"Code civil, art. 2300",120,686,566,566,297
FLEXID-0121,"Code civil, art. 2300",121,389,268,268,280
FLEXID-0122,"Code civil, art. 2300",122,109,-13,13,280
FLEXID-0123,"Code civil, art. 1589, al. 1",123,327,204,204,166
FLEXID-0124,"Code civil, art. 1589, al. 1",124,493,369,369,166
FLEXID-0125,"Code civil, art. 1589, al. 1",125,791,666,666,298
FLEXID-0126,"Code civil, art. 1196",126,817,691,691,345
FLEXID-0127,"Code civil, art. 1196",127,472,345,345,166
FLEXID-0128,"Code civil, art. 1196",128,306,178,178,166
FLEXID-0129,"Code civil, art. 1196",129,14,-115,115,292
FLEXID-0130,"Code civil, art. 16-7",130,334,204,204,166
FLEXID-0131,"Cass. ass. plén., 31 mai 1991",131,244,113,113,394
FLEXID-0132,"Code civil, art. 16-7",132,500,368,368,166
FLEXID-0133,"Code civil, art. 16-7",133,666,533,533,166
FLEXID-0134,"Cass. ass. plén., 31 mai 1991",134,638,504,504,264
FLEXID-0135,"Cass. ass. plén., 31 mai 1991",135,902,767,767,264
FLEXID-0136,"Cass. ass. plén., 3 juillet 2015",136,165,29,29,416
FLEXID-0137,"Cass. ass. plén., 3 juillet 2015",137,581,444,444,339
FLEXID-0138,"Cass. ass. plén., 3 juillet 2015",138,920,782,782,339
FLEXID-0139,"Code civil, art. 1193",139,293,154,154,364
FLEXID-0140,"Code civil, art. 1193",140,657,517,517,166
FLEXID-0141,"Code civil, art. 1193",141,823,682,682,166
FLEXID-0142,"Code civil, art. 1195",142,221,79,79,416
FLEXID-0143,"Code civil, art. 1195",143,637,494,494,216
FLEXID-0144,"Code civil, art. 1195",144,853,709,709,216
FLEXID-0145,"Code civil, art. 1422",145,716,571,571,367
FLEXID-0146,"Code civil, art. 1422",146,349,203,203,226
FLEXID-0147,"Code civil, art. 1422",147,123,-24,24,226
FLEXID-0148,"Code civil, art. 371-1",148,216,68,68,391
FLEXID-0149,"Code civil, art. 371-1",149,607,458,458,342
FLEXID-0150,"Code civil, art. 371-1",150,949,799,799,342
FLEXID-0151,"Code civil, art. 544",151,940,789,789,282
FLEXID-0152,"Code civil, art. 544",152,658,506,506,282
FLEXID-0153,"Code civil, art. 544",153,62,-91,91,596
FLEXID-0154,"Code civil, art. 893",154,913,759,759,386
FLEXID-0155,"Code civil, art. 893",155,527,372,372,386
FLEXID-0156,"Code civil, art. 893",156,133,-23,23,394
FLEXID-0157,"Code civil, art. 515-14",157,340,183,183,166
FLEXID-0158,"Code civil, art. 515-14",158,506,348,348,166
FLEXID-0159,"Code civil, art. 515-14",159,862,703,703,356
FLEXID-0160,"Code civil, art. 1129",160,963,803,803,578
FLEXID-0161,"Code civil, art. 1129",161,385,224,224,356
FLEXID-0162,"Code civil, art. 1129",162,29,-133,133,356
FLEXID-0163,"Code civil, art. 414-1",163,772,609,609,327
FLEXID-0164,"Code civil, art. 414-1",164,445,281,281,321
FLEXID-0165,"Code civil, art. 414-1",165,124,-41,41,321
FLEXID-0166,"Code civil, art. 1644",166,869,703,703,251
FLEXID-0167,"Code civil, art. 1644",167,618,451,451,251
FLEXID-0168,"Code civil, art. 1644",168,82,-86,86,536
FLEXID-0169,"Code civil, art. 1136",169,45,-124,124,570
FLEXID-0170,"Code civil, art. 1143",170,34,-136,136,397
FLEXID-0171,"Code civil, art. 1172",171,829,658,658,481
FLEXID-0172,"Code civil, art. 1182",172,793,621,621,374
FLEXID-0173,"Code civil, art. 1353",173,789,616,616,166
FLEXID-0174,"Code civil, art. 1353",174,16,-158,158,166
FLEXID-0175,"Code civil, art. 16-7",175,832,657,657,166
FLEXID-0176,"Code civil, art. 161",176,13,-163,163,166
FLEXID-0177,"Code civil, art. 2276",177,18,-159,159,221
FLEXID-0178,"Code civil, art. 55",178,19,-159,159,293
FLEXID-0179,"Code civil, art. 311-21, al. 1",179,20,-159,159,166
FLEXID-0180,"Code civil, art. 312",180,836,656,656,166
FLEXID-0181,"Code civil, art. 317, al. 2",181,750,569,569,166
FLEXID-0182,"Code civil, art. 317, al. 3",182,881,699,699,470
FLEXID-0183,"Code civil, art. 320",183,740,557,557,166
FLEXID-0184,"Code civil, art. 57",184,12,-172,172,166
FLEXID-0185,"Code civil, art. 60",185,709,524,524,303
FLEXID-0186,"Code civil, art. 9",186,937,751,751,350
FLEXID-0187,"Code civil, art. 1426",187,15,-172,172,166
FLEXID-0188,"Code civil, art. 515-14",188,8,-180,180,166
FLEXID-0189,"Code civil, art. 1100, al. 2",189,361,172,172,249
FLEXID-0190,"Code civil, art. 1100, al. 2",190,112,-78,78,249
FLEXID-0191,"Code civil, art. 1100-1",191,550,359,359,202
FLEXID-0192,"Code civil, art. 1100-1",192,108,-84,84,442
FLEXID-0193,"Code civil, art. 1112-1",193,560,367,367,406
FLEXID-0194,"Code civil, art. 1112-1",194,984,790,790,424
FLEXID-0195,"Code civil, art. 1113",195,403,208,208,360
FLEXID-0196,"Code civil, art. 1113",196,43,-153,153,360
FLEXID-0197,"Code civil, art. 1128",197,706,509,509,309
FLEXID-0198,"Code civil, art. 1132",198,634,436,436,166
FLEXID-0199,"Code civil, art. 1132",199,85,-114,114,549
FLEXID-0200,"Code civil, art. 1137, al. 3",200,382,182,182,264
FLEXID-0201,"Code civil, art. 1137, al. 3",201,118,-83,83,264
FLEXID-0202,"Code civil, art. 1164",202,554,352,352,249
FLEXID-0203,"Code civil, art. 1164",203,103,-100,100,451
FLEXID-0204,"Code civil, art. 1231-1",204,590,386,386,166
FLEXID-0205,"Code civil, art. 1231-1",205,107,-98,98,483
FLEXID-0206,"Code civil, art. 1358",206,727,521,521,375
FLEXID-0207,"Code civil, art. 1359",207,673,466,466,306
FLEXID-0208,"Code civil, art. 1360",208,990,782,782,361
FLEXID-0209,"Code civil, art. 1401",209,753,544,544,352
FLEXID-0210,"Code civil, art. 1401",210,11,-199,199,224
FLEXID-0211,"Code civil, art. 1402",211,888,677,677,431
FLEXID-0212,"Code civil, art. 1421",212,454,242,242,326
FLEXID-0213,"Code civil, art. 1421",213,128,-85,85,326
FLEXID-0214,"Code civil, art. 2274",214,845,631,631,504
FLEXID-0215,"Code civil, art. 229-1",215,522,307,307,267
FLEXID-0216,"Code civil, art. 229-1",216,867,651,651,345
FLEXID-0217,"Code civil, art. 233",217,827,610,610,317
FLEXID-0218,"Code civil, art. 238",218,592,374,374,166
FLEXID-0219,"Code civil, art. 238",219,758,539,539,166
FLEXID-0220,"Code civil, art. 1242, al. 1",220,80,-140,140,493
FLEXID-0221,"Code civil, art. 242",221,381,160,160,193
FLEXID-0222,"Code civil, art. 311-25",222,668,446,446,166
FLEXID-0223,"Code civil, art. 311-25",223,848,625,625,180
FLEXID-0224,"Code civil, art. 60, al. 1",224,400,176,176,166
FLEXID-0225,"Code civil, art. 60, al. 1 et 2",225,967,742,742,317
FLEXID-0226,"Code civil, art. 60, al. 4",226,548,322,322,265
FLEXID-0227,"Code civil, art. 815",227,30,-197,197,487
FLEXID-0228,"Code civil, art. 21-20",228,678,450,450,310
FLEXID-0229,"Code civil, art. 21-20",229,368,139,139,242
FLEXID-0230,"Code civil, art. 60, al. 1",230,951,721,721,551
FLEXID-0231,"Code civil, art. 21-20",231,126,-105,105,242
FLEXID-0232,"Code civil, art. 60, al. 4",232,33,-199,199,515
FLEXID-0233,"Code civil, art. 242",233,986,753,753,605
FLEXID-0234,"Code civil, art. 21-18",234,299,65,65,331
FLEXID-0235,"Code civil, art. 21-18",235,630,395,395,176
FLEXID-0236,"Code civil, art. 21-18",236,806,570,570,176
FLEXID-0237,"Code civil, art. 312",237,6,-231,231,166
FLEXID-0238,"Code civil, art. 61-5",238,7,-231,231,166
FLEXID-0239,"Code civil, art. 16",239,831,592,592,166
FLEXID-0240,"Code civil, art. 515-14",240,174,-66,66,166
FLEXID-0241,"Code civil, art. 5",241,948,707,707,371
FLEXID-0242,"Code civil, art. 5",242,577,335,335,371
FLEXID-0243,"Code civil, art. 5",243,163,-80,80,414
FLEXID-0244,"Code civil, art. 7",244,942,698,698,428
FLEXID-0245,"Code civil, art. 7",245,514,269,269,316
FLEXID-0246,"Code civil, art. 7",246,198,-48,48,316
FLEXID-0247,"Code civil, art. 8",247,898,651,651,483
FLEXID-0248,"Code civil, art. 8",248,415,167,167,219
FLEXID-0249,"Code civil, art. 8",249,196,-53,53,219
FLEXID-0250,"Code civil, art. 9-1",250,708,458,458,168
FLEXID-0251,"Code civil, art. 9-1",251,540,289,289,168
FLEXID-0252,"Code civil, art. 9-1",252,74,-178,178,466
FLEXID-0253,"Code civil, art. 10",253,819,566,566,192
FLEXID-0254,"Code civil, art. 10",254,627,373,373,192
FLEXID-0255,"Code civil, art. 10",255,251,-4,4,376
FLEXID-0256,"Code civil, art. 11",256,818,562,562,166
FLEXID-0257,"Code civil, art. 11",257,652,395,395,166
FLEXID-0258,"Code civil, art. 11",258,137,-121,121,515
FLEXID-0259,"Code civil, art. 14",259,289,30,30,226
FLEXID-0260,"Code civil, art. 14",260,515,255,255,226
FLEXID-0261,"Code civil, art. 14",261,866,605,605,351
FLEXID-0262,"Code civil, art. 14",262,17,-245,245,272
FLEXID-0263,"Code civil, art. 15",263,892,629,629,441
FLEXID-0264,"Code civil, art. 15",264,451,187,187,303
FLEXID-0265,"Code civil, art. 15",265,148,-117,117,303
FLEXID-0266,"Code civil, art. 16",266,997,731,731,166
FLEXID-0267,"Code civil, art. 16",267,1,-266,266,166
FLEXID-0268,"Code civil, art. 16",268,167,-101,101,166
FLEXID-0269,"Code civil, art. 16-1",269,768,499,499,166
FLEXID-0270,"Code civil, art. 16-1",270,602,332,332,166
FLEXID-0271,"Code civil, art. 16-1",271,189,-82,82,413
FLEXID-0272,"Code civil, art. 16-1-1",272,286,14,14,284
FLEXID-0273,"Code civil, art. 16-1-1",273,570,297,297,284
FLEXID-0274,"Code civil, art. 16-1-1",274,885,611,611,315
FLEXID-0275,"Code civil, art. 16-2",275,344,69,69,169
FLEXID-0276,"Code civil, art. 16-2",276,904,628,628,560
FLEXID-0277,"Code civil, art. 16-2",277,175,-102,102,169
FLEXID-0278,"Code civil, art. 16-5",278,748,470,470,354
FLEXID-0279,"Code civil, art. 16-5",279,394,115,115,166
FLEXID-0280,"Code civil, art. 16-5",280,228,-52,52,166
FLEXID-0281,"Code civil, art. 16-6",281,736,455,455,184
FLEXID-0282,"Code civil, art. 16-6",282,552,270,270,184
FLEXID-0283,"Code civil, art. 16-6",283,250,-33,33,302
FLEXID-0284,"Code civil, art. 16-7",284,998,714,714,166
FLEXID-0285,"Code civil, art. 16-7",285,2,-283,283,166
FLEXID-0286,"Code civil, art. 16-7",286,168,-118,118,166
FLEXID-0287,"Code civil, art. 16-13",287,879,592,592,267
FLEXID-0288,"Code civil, art. 16-13",288,612,324,324,267
FLEXID-0289,"Code civil, art. 16-13",289,113,-176,176,499
FLEXID-0290,"Code civil, art. 16-14",290,737,447,447,178
FLEXID-0291,"Code civil, art. 16-14",291,559,268,268,178
FLEXID-0292,"Code civil, art. 16-14",292,254,-38,38,305
FLEXID-0293,"Code civil, art. 17-4",293,701,408,408,
FLEXID-0294,"Code civil, art. 17-6",294,366,72,72,167
FLEXID-0295,"Code civil, art. 17-6",295,770,475,475,404
FLEXID-0296,"Code civil, art. 17-6",296,199,-97,97,167
FLEXID-0297,"Code civil, art. 17-8",297,899,602,602,497
FLEXID-0298,"Code civil, art. 17-8",298,402,104,104,166
FLEXID-0299,"Code civil, art. 17-8",299,236,-63,63,166
FLEXID-0300,"Code civil, art. 18",300,911,611,611,353
FLEXID-0301,"Code civil, art. 18",301,558,257,257,286
FLEXID-0302,"Code civil, art. 18",302,272,-30,30,286
FLEXID-0303,"Code civil, art. 18-1",303,958,655,655,339
FLEXID-0304,"Code civil, art. 18-1",304,619,315,315,339
FLEXID-0305,"Code civil, art. 18-1",305,222,-83,83,397
FLEXID-0306,"Code civil, art. 19",306,889,583,583,373
FLEXID-0307,"Code civil, art. 19",307,516,209,209,232
FLEXID-0308,"Code civil, art. 19",308,284,-24,24,232
FLEXID-0309,"Code civil, art. 19-1",309,531,222,222,351
FLEXID-0310,"Code civil, art. 19-1",310,882,572,572,351
FLEXID-0311,"Code civil, art. 19-1",311,72,-239,239,459
FLEXID-0312,"Code civil, art. 19-3",312,822,510,510,166
FLEXID-0313,"Code civil, art. 19-3",313,656,343,343,166
FLEXID-0314,"Code civil, art. 19-3",314,28,-286,286,628
FLEXID-0315,"Code civil, art. 20-1",315,355,40,40,268
FLEXID-0316,"Code civil, art. 20-1",316,952,636,636,597
FLEXID-0317,"Code civil, art. 20-1",317,87,-230,230,268
FLEXID-0318,"Code civil, art. 20-4",318,320,2,2,273
FLEXID-0319,"Code civil, art. 20-4",319,593,274,274,166
FLEXID-0320,"Code civil, art. 20-4",320,759,439,439,166
FLEXID-0321,"Code civil, art. 21",321,464,143,143,219
FLEXID-0322,"Code civil, art. 21",322,683,361,361,219
FLEXID-0323,"Code civil, art. 21",323,150,-173,173,314
FLEXID-0324,"Code civil, art. 21-1",324,702,378,378,266
FLEXID-0325,"Code civil, art. 21-1",325,436,111,111,166
FLEXID-0326,"Code civil, art. 21-1",326,270,-56,56,166
FLEXID-0327,"Code civil, art. 21-6",327,386,59,59,332
FLEXID-0328,"Code civil, art. 21-6",328,784,456,456,398
FLEXID-0329,"Code civil, art. 21-6",329,54,-275,275,332
FLEXID-0330,"Code civil, art. 21-16",330,726,396,396,236
FLEXID-0331,"Code civil, art. 21-16",331,490,159,159,166
FLEXID-0332,"Code civil, art. 21-16",332,324,-8,8,166
FLEXID-0333,"Code civil, art. 21-21",333,801,468,468,166
FLEXID-0334,"Code civil, art. 21-21",334,635,301,301,166
FLEXID-0335,"Code civil, art. 21-21",335,191,-144,144,444
FLEXID-0336,"Code civil, art. 21-22",336,390,54,54,166
FLEXID-0337,"Code civil, art. 21-22",337,858,521,521,468
FLEXID-0338,"Code civil, art. 21-22",338,224,-114,114,166
FLEXID-0339,"Code civil, art. 21-24-1",339,978,639,639,381
FLEXID-0340,"Code civil, art. 21-24-1",340,597,257,257,306
FLEXID-0341,"Code civil, art. 21-24-1",341,291,-50,50,306
FLEXID-0342,"Code civil, art. 21-25-1",342,830,488,488,206
FLEXID-0343,"Code civil, art. 21-25-1",343,624,281,281,206
FLEXID-0344,"Code civil, art. 21-25-1",344,94,-250,250,530
FLEXID-0345,"Code civil, art. 21-27-1",345,357,12,12,191
FLEXID-0346,"Code civil, art. 21-27-1",346,956,610,610,599
FLEXID-0347,"Code civil, art. 21-27-1",347,166,-181,181,191
FLEXID-0348,"Code civil, art. 21-29",348,513,165,165,166
FLEXID-0349,"Code civil, art. 21-29",349,679,330,330,166
FLEXID-0350,"Code civil, art. 21-29",350,116,-234,234,397
FLEXID-0351,"Code civil, art. 22",351,465,114,114,368
FLEXID-0352,"Code civil, art. 22",352,874,522,522,409
FLEXID-0353,"Code civil, art. 22",353,97,-256,256,368
FLEXID-0354,"Code civil, art. 22-1",354,496,142,142,197
FLEXID-0355,"Code civil, art. 22-1",355,693,338,338,197
FLEXID-0356,"Code civil, art. 22-1",356,51,-305,305,445
FLEXID-0357,"Code civil, art. 23-1",357,728,371,371,166
FLEXID-0358,"Code civil, art. 23-1",358,562,204,204,166
FLEXID-0359,"Code civil, art. 23-1",359,287,-72,72,275
FLEXID-0360,"Code civil, art. 23-4",360,561,201,201,319
FLEXID-0361,"Code civil, art. 23-4",361,880,519,519,319
FLEXID-0362,"Code civil, art. 23-4",362,102,-260,260,459
FLEXID-0363,"Code civil, art. 23-6",363,783,420,420,220
FLEXID-0364,"Code civil, art. 23-6",364,563,199,199,220
FLEXID-0365,"Code civil, art. 23-6",365,305,-60,60,258
FLEXID-0366,"Code civil, art. 23-7",366,733,367,367,166
FLEXID-0367,"Code civil, art. 23-7",367,567,200,200,166
FLEXID-0368,"Code civil, art. 23-7",368,225,-143,143,342
FLEXID-0369,"Code civil, art. 27",369,523,154,154,399
FLEXID-0370,"Code civil, art. 27",370,922,552,552,399
FLEXID-0371,"Code civil, art. 27",371,68,-303,303,455
FLEXID-0372,"Code civil, art. 27-1",372,876,504,504,
FLEXID-0373,"Code civil, art. 28",373,614,241,241,166
FLEXID-0374,"Code civil, art. 28",374,780,406,406,166
FLEXID-0375,"Code civil, art. 28",375,46,-329,329,568
FLEXID-0376,"Code civil, art. 30-1",376,910,534,534,567
FLEXID-0377,"Code civil, art. 30-1",377,122,-255,255,221
FLEXID-0378,"Code civil, art. 30-1",378,343,-35,35,221
FLEXID-0379,"Code civil, art. 30-4",379,628,249,249,284
FLEXID-0380,"Code civil, art. 30-4",380,912,532,532,284
FLEXID-0381,"Code civil, art. 30-4",381,24,-357,357,604
FLEXID-0382,"Code civil, art. 31",382,564,182,182,166
FLEXID-0383,"Code civil, art. 31",383,730,347,347,166
FLEXID-0384,"Code civil, art. 31",384,101,-283,283,463
FLEXID-0385,"Code civil, art. 31-3",385,840,455,455,219
FLEXID-0386,"Code civil, art. 31-3",386,621,235,235,219
FLEXID-0387,"Code civil, art. 31-3",387,223,-164,164,398
FLEXID-0388,"Code civil, art. 32",388,434,46,46,230
FLEXID-0389,"Code civil, art. 32",389,707,318,318,273
FLEXID-0390,"Code civil, art. 32",390,204,-186,186,230
FLEXID-0391,"Code civil, art. 32-1",391,556,165,165,229
FLEXID-0392,"Code civil, art. 32-1",392,785,393,393,229
FLEXID-0393,"Code civil, art. 32-1",393,64,-329,329,492
FLEXID-0394,"Code civil, art. 32-4",394,508,114,114,280
FLEXID-0395,"Code civil, art. 32-4",395,788,393,393,280
FLEXID-0396,"Code civil, art. 32-4",396,143,-253,253,365
FLEXID-0397,"Code civil, art. 34-1",397,450,53,53,308
FLEXID-0398,"Code civil, art. 34-1",398,900,502,502,450
FLEXID-0399,"Code civil, art. 34-1",399,142,-257,257,308
FLEXID-0400,"Code civil, art. 35",400,812,412,412,204
FLEXID-0401,"Code civil, art. 35",401,608,207,207,204
FLEXID-0402,"Code civil, art. 35",402,279,-123,123,329
FLEXID-0403,"Code civil, art. 37",403,529,126,126,317
FLEXID-0404,"Code civil, art. 37",404,846,442,442,317
FLEXID-0405,"Code civil, art. 37",405,60,-345,345,469
FLEXID-0406,"Code civil, art. 38",406,654,248,248,237
FLEXID-0407,"Code civil, art. 38",407,891,484,484,237
FLEXID-0408,"Code civil, art. 38",408,23,-385,385,631
FLEXID-0409,"Code civil, art. 47",409,586,177,177,275
FLEXID-0410,"Code civil, art. 47",410,861,451,451,275
FLEXID-0411,"Code civil, art. 47",411,194,-217,217,392
FLEXID-0412,"Code civil, art. 48",412,474,62,62,209
FLEXID-0413,"Code civil, art. 48",413,757,344,344,283
FLEXID-0414,"Code civil, art. 48",414,265,-149,149,209
FLEXID-0415,"Code civil, art. 51",415,999,584,584,603
FLEXID-0416,"Code civil, art. 51",416,230,-186,186,166
FLEXID-0417,"Code civil, art. 51",417,396,-21,21,166
FLEXID-0418,"Code civil, art. 52",418,659,241,241,255
FLEXID-0419,"Code civil, art. 52",419,238,-181,181,166
FLEXID-0420,"Code civil, art. 52",420,404,-16,16,166
FLEXID-0421,"Code civil, art. 53",421,497,76,76,342
FLEXID-0422,"Code civil, art. 53",422,895,473,473,398
FLEXID-0423,"Code civil, art. 53",423,155,-268,268,342
FLEXID-0424,"Code civil, art. 61",424,1002,578,578,382
FLEXID-0425,"Code civil, art. 61",425,620,195,195,335
FLEXID-0426,"Code civil, art. 61",426,285,-141,141,335
FLEXID-0427,"Code civil, art. 61-1",427,546,119,119,266
FLEXID-0428,"Code civil, art. 61-1",428,820,392,392,274
FLEXID-0429,"Code civil, art. 61-1",429,280,-149,149,266
FLEXID-0430,"Code civil, art. 61-2",430,926,496,496,499
FLEXID-0431,"Code civil, art. 61-2",431,213,-218,218,214
FLEXID-0432,"Code civil, art. 61-2",432,427,-5,5,214
FLEXID-0433,"Code civil, art. 61-3",433,528,95,95,426
FLEXID-0434,"Code civil, art. 61-3",434,954,520,520,426
FLEXID-0435,"Code civil, art. 61-3",435,47,-388,388,481
FLEXID-0436,"Code civil, art. 61-8",436,539,103,103,166
FLEXID-0437,"Code civil, art. 61-8",437,705,268,268,166
FLEXID-0438,"Code civil, art. 61-8",438,141,-297,297,398
FLEXID-0439,"Code civil, art. 62-1",439,647,208,208,195
FLEXID-0440,"Code civil, art. 62-1",440,842,402,402,195
FLEXID-0441,"Code civil, art. 62-1",441,78,-363,363,569
FLEXID-0442,"Code civil, art. 65",442,957,515,515,366
FLEXID-0443,"Code civil, art. 65",443,591,148,148,281
FLEXID-0444,"Code civil, art. 65",444,310,-134,134,281
FLEXID-0445,"Code civil, art. 66",445,685,240,240,310
FLEXID-0446,"Code civil, art. 66",446,185,-261,261,190
FLEXID-0447,"Code civil, art. 66",447,375,-72,72,190
FLEXID-0448,"Code civil, art. 67",448,989,541,541,571
FLEXID-0449,"Code civil, art. 67",449,252,-197,197,166
FLEXID-0450,"Code civil, art. 67",450,418,-32,32,166
FLEXID-0451,"Code civil, art. 68",451,721,270,270,376
FLEXID-0452,"Code civil, art. 68",452,135,-317,317,210
FLEXID-0453,"Code civil, art. 68",453,345,-108,108,210
FLEXID-0454,"Code civil, art. 69",454,599,145,145,308
FLEXID-0455,"Code civil, art. 69",455,907,452,452,308
FLEXID-0456,"Code civil, art. 69",456,106,-350,350,493
FLEXID-0457,"Code civil, art. 70",457,745,288,288,369
FLEXID-0458,"Code civil, art. 70",458,149,-309,309,227
FLEXID-0459,"Code civil, art. 70",459,376,-83,83,227
FLEXID-0460,"Code civil, art. 74",460,532,72,72,207
FLEXID-0461,"Code civil, art. 74",461,739,278,278,207
FLEXID-0462,"Code civil, art. 74",462,157,-305,305,375
FLEXID-0463,"Code civil, art. 78",463,877,414,414,417
FLEXID-0464,"Code civil, art. 78",464,215,-249,249,245
FLEXID-0465,"Code civil, art. 78",465,460,-5,5,245
FLEXID-0466,"Code civil, art. 79-1",466,953,487,487,545
FLEXID-0467,"Code civil, art. 79-1",467,242,-225,225,166
FLEXID-0468,"Code civil, art. 79-1",468,408,-60,60,166
FLEXID-0469,"Code civil, art. 81",469,852,383,383,393
FLEXID-0470,"Code civil, art. 81",470,227,-243,243,232
FLEXID-0471,"Code civil, art. 81",471,459,-12,12,232
FLEXID-0472,"Code civil, art. 82",472,795,323,323,465
FLEXID-0473,"Code civil, art. 82",473,36,-437,437,294
FLEXID-0474,"Code civil, art. 82",474,330,-144,144,294
FLEXID-0475,"Code civil, art. 87",475,585,110,110,339
FLEXID-0476,"Code civil, art. 87",476,924,448,448,339
FLEXID-0477,"Code civil, art. 87",477,92,-385,385,493
FLEXID-0478,"Code civil, art. 88",478,498,20,20,267
FLEXID-0479,"Code civil, art. 88",479,765,286,286,267
FLEXID-0480,"Code civil, art. 88",480,79,-401,401,419
FLEXID-0481,"Code civil, art. 98",481,894,413,413,503
FLEXID-0482,"Code civil, art. 98",482,42,-440,440,349
FLEXID-0483,"Code civil, art. 98",483,391,-92,92,349
FLEXID-0484,"Code civil, art. 98-2",484,695,211,211,248
FLEXID-0485,"Code civil, art. 98-2",485,281,-204,204,166
FLEXID-0486,"Code civil, art. 98-2",486,447,-39,39,166
FLEXID-0487,"Code civil, art. 99",487,816,329,329,373
FLEXID-0488,"Code civil, art. 99",488,277,-211,211,166
FLEXID-0489,"Code civil, art. 99",489,443,-46,46,166
FLEXID-0490,"Code civil, art. 100",490,680,190,190,195
FLEXID-0491,"Code civil, art. 100",491,283,-208,208,202
FLEXID-0492,"Code civil, art. 100",492,485,-7,7,195
FLEXID-0493,"Code civil, art. 101-1",493,945,452,452,573
FLEXID-0494,"Code civil, art. 101-1",494,206,-288,288,166
FLEXID-0495,"Code civil, art. 101-1",495,372,-123,123,166
FLEXID-0496,"Code civil, art. 101-2",496,973,477,477,563
FLEXID-0497,"Code civil, art. 101-2",497,161,-336,336,249
FLEXID-0498,"Code civil, art. 101-2",498,410,-88,88,249
FLEXID-0499,"Code civil, art. 103",499,625,126,126,340
FLEXID-0500,"Code civil, art. 103",500,965,465,465,340
FLEXID-0501,"Code civil, art. 103",501,245,-256,256,380
FLEXID-0502,"Code civil, art. 104",502,754,252,252,274
FLEXID-0503,"Code civil, art. 104",503,314,-189,189,166
FLEXID-0504,"Code civil, art. 104",504,480,-24,24,166
FLEXID-0505,"Code civil, art. 106",505,969,464,464,607
FLEXID-0506,"Code civil, art. 106",506,77,-429,429,285
FLEXID-0507,"Code civil, art. 106",507,362,-145,145,285
FLEXID-0508,"Code civil, art. 107",508,837,329,329,382
FLEXID-0509,"Code civil, art. 107",509,88,-421,421,367
FLEXID-0510,"Code civil, art. 107",510,455,-55,55,367
FLEXID-0511,"Code civil, art. 108",511,583,72,72,166
FLEXID-0512,"Code civil, art. 108",512,749,237,237,166
FLEXID-0513,"Code civil, art. 108",513,66,-447,447,517
FLEXID-0514,"Code civil, art. 108-1",514,711,197,197,281
FLEXID-0515,"Code civil, art. 108-1",515,233,-282,282,197
FLEXID-0516,"Code civil, art. 108-1",516,430,-86,86,197
FLEXID-0517,"Code civil, art. 108-2",517,594,77,77,347
FLEXID-0518,"Code civil, art. 108-2",518,941,423,423,347
FLEXID-0519,"Code civil, art. 108-2",519,55,-464,464,539
FLEXID-0520,"Code civil, art. 108-3",520,643,123,123,166
FLEXID-0521,"Code civil, art. 108-3",521,809,288,288,166
FLEXID-0522,"Code civil, art. 108-3",522,145,-377,377,498
FLEXID-0523,"Code civil, art. 109",523,968,445,445,546
FLEXID-0524,"Code civil, art. 109",524,156,-368,368,266
FLEXID-0525,"Code civil, art. 109",525,422,-103,103,266
FLEXID-0526,"Code civil, art. 112",526,979,453,453,599
FLEXID-0527,"Code civil, art. 112",527,214,-313,313,166
FLEXID-0528,"Code civil, art. 112",528,380,-148,148,166
FLEXID-0529,"Code civil, art. 115",529,964,435,435,586
FLEXID-0530,"Code civil, art. 115",530,212,-318,318,166
FLEXID-0531,"Code civil, art. 115",531,378,-153,153,166
FLEXID-0532,"Code civil, art. 117",532,1000,468,468,577
FLEXID-0533,"Code civil, art. 117",533,50,-483,483,373
FLEXID-0534,"Code civil, art. 117",534,423,-111,111,373
FLEXID-0535,"Code civil, art. 118",535,549,14,14,231
FLEXID-0536,"Code civil, art. 118",536,808,272,272,259
FLEXID-0537,"Code civil, art. 118",537,318,-219,219,231
FLEXID-0538,"Code civil, art. 119",538,606,68,68,375
FLEXID-0539,"Code civil, art. 119",539,981,442,442,375
FLEXID-0540,"Code civil, art. 119",540,164,-376,376,442
FLEXID-0541,"Code civil, art. 123",541,919,378,378,466
FLEXID-0542,"Code civil, art. 123",542,71,-471,471,382
FLEXID-0543,"Code civil, art. 123",543,453,-90,90,382
FLEXID-0544,"Code civil, art. 124",544,916,372,372,547
FLEXID-0545,"Code civil, art. 124",545,67,-478,478,302
FLEXID-0546,"Code civil, art. 124",546,369,-177,177,302
FLEXID-0547,"Code civil, art. 126",547,821,274,274,397
FLEXID-0548,"Code civil, art. 126",548,258,-290,290,166
FLEXID-0549,"Code civil, art. 126",549,424,-125,125,166
FLEXID-0550,"Code civil, art. 128",550,610,60,60,166
FLEXID-0551,"Code civil, art. 128",551,776,225,225,166
FLEXID-0552,"Code civil, art. 128",552,52,-500,500,558
FLEXID-0553,"Code civil, art. 131",553,872,319,319,443
FLEXID-0554,"Code civil, art. 131",554,263,-291,291,166
FLEXID-0555,"Code civil, art. 131",555,429,-126,126,166
FLEXID-0556,"Code civil, art. 143",556,672,116,116,237
FLEXID-0557,"Code civil, art. 143",557,435,-122,122,166
FLEXID-0558,"Code civil, art. 143",558,269,-289,289,166
FLEXID-0559,"Code civil, art. 144",559,719,160,160,250
FLEXID-0560,"Code civil, art. 144",560,303,-257,257,166
FLEXID-0561,"Code civil, art. 144",561,469,-92,92,166
FLEXID-0562,"Code civil, art. 145",562,697,135,135,185
FLEXID-0563,"Code civil, art. 145",563,104,-459,459,408
FLEXID-0564,"Code civil, art. 145",564,512,-52,52,185
FLEXID-0565,"Code civil, art. 146",565,674,109,109,203
FLEXID-0566,"Code civil, art. 146",566,243,-323,323,228
FLEXID-0567,"Code civil, art. 146",567,471,-96,96,203
FLEXID-0568,"Code civil, art. 146-1",568,966,398,398,568
FLEXID-0569,"Code civil, art. 146-1",569,32,-537,537,366
FLEXID-0570,"Code civil, art. 146-1",570,398,-172,172,366
FLEXID-0571,"Code civil, art. 147",571,995,424,424,557
FLEXID-0572,"Code civil, art. 147",572,58,-514,514,380
FLEXID-0573,"Code civil, art. 147",573,438,-135,135,380
FLEXID-0574,"Code civil, art. 148",574,787,213,213,416
FLEXID-0575,"Code civil, art. 148",575,49,-526,526,322
FLEXID-0576,"Code civil, art. 148",576,371,-205,205,322
FLEXID-0577,"Code civil, art. 150",577,691,114,114,166
FLEXID-0578,"Code civil, art. 150",578,152,-426,426,373
FLEXID-0579,"Code civil, art. 150",579,525,-54,54,166
FLEXID-0580,"Code civil, art. 154",580,699,119,119,166
FLEXID-0581,"Code civil, art. 154",581,129,-452,452,404
FLEXID-0582,"Code civil, art. 154",582,533,-49,49,166
FLEXID-0583,"Code civil, art. 159",583,931,348,348,577
FLEXID-0584,"Code civil, art. 159",584,114,-470,470,240
FLEXID-0585,"Code civil, art. 159",585,354,-231,231,240
FLEXID-0586,"Code civil, art. 160",586,694,108,108,299
FLEXID-0587,"Code civil, art. 160",587,395,-192,192,166
FLEXID-0588,"Code civil, art. 160",588,229,-359,359,166
FLEXID-0589,"Code civil, art. 162",589,947,358,358,429
FLEXID-0590,"Code civil, art. 162",590,325,-265,265,193
FLEXID-0591,"Code civil, art. 162",591,518,-73,73,193
FLEXID-0592,"Code civil, art. 163",592,938,346,346,362
FLEXID-0593,"Code civil, art. 163",593,302,-291,291,274
FLEXID-0594,"Code civil, art. 163",594,576,-18,18,274
FLEXID-0595,"Code civil, art. 169",595,632,37,37,166
FLEXID-0596,"Code civil, art. 169",596,798,202,202,166
FLEXID-0597,"Code civil, art. 169",597,37,-560,560,595
FLEXID-0598,"Code civil, art. 171",598,631,33,33,166
FLEXID-0599,"Code civil, art. 171",599,797,198,198,166
FLEXID-0600,"Code civil, art. 171",600,264,-336,336,367
FLEXID-0601,"Code civil, art. 171-5",601,661,60,60,278
FLEXID-0602,"Code civil, art. 171-5",602,383,-219,219,166
FLEXID-0603,"Code civil, art. 171-5",603,217,-386,386,166
FLEXID-0604,"Code civil, art. 171-6",604,700,96,96,166
FLEXID-0605,"Code civil, art. 171-6",605,83,-522,522,451
FLEXID-0606,"Code civil, art. 171-6",606,534,-72,72,166
FLEXID-0607,"Code civil, art. 172",607,732,125,125,325
FLEXID-0608,"Code civil, art. 172",608,407,-201,201,166
FLEXID-0609,"Code civil, art. 172",609,241,-368,368,166
FLEXID-0610,"Code civil, art. 173",610,690,80,80,264
FLEXID-0611,"Code civil, art. 173",611,426,-185,185,264
FLEXID-0612,"Code civil, art. 173",612,69,-543,543,357
FLEXID-0613,"Code civil, art. 175-1",613,622,9,9,312
FLEXID-0614,"Code civil, art. 175-1",614,934,320,320,312
FLEXID-0615,"Code civil, art. 175-1",615,96,-519,519,526
FLEXID-0616,"Code civil, art. 177",616,841,225,225,284
FLEXID-0617,"Code civil, art. 177",617,192,-425,425,365
FLEXID-0618,"Code civil, art. 177",618,557,-61,61,284
FLEXID-0619,"Code civil, art. 180",619,715,96,96,342
FLEXID-0620,"Code civil, art. 180",620,373,-247,247,189
FLEXID-0621,"Code civil, art. 180",621,184,-437,437,189
FLEXID-0622,"Code civil, art. 182",622,743,121,121,291
FLEXID-0623,"Code civil, art. 182",623,452,-171,171,195
FLEXID-0624,"Code civil, art. 182",624,257,-367,367,195
FLEXID-0625,"Code civil, art. 183",625,988,363,363,589
FLEXID-0626,"Code civil, art. 183",626,38,-588,588,361
FLEXID-0627,"Code civil, art. 183",627,399,-228,228,361
FLEXID-0628,"Code civil, art. 188",628,655,27,27,337
FLEXID-0629,"Code civil, art. 188",629,992,363,363,337
FLEXID-0630,"Code civil, art. 188",630,247,-383,383,408
FLEXID-0631,"Code civil, art. 189",631,760,129,129,320
FLEXID-0632,"Code civil, art. 189",632,440,-192,192,166
FLEXID-0633,"Code civil, art. 189",633,274,-359,359,166
FLEXID-0634,"Code civil, art. 191",634,977,343,343,528
FLEXID-0635,"Code civil, art. 191",635,134,-501,501,315
FLEXID-0636,"Code civil, art. 191",636,449,-187,187,315
FLEXID-0637,"Code civil, art. 192",637,859,222,222,259
FLEXID-0638,"Code civil, art. 192",638,75,-563,563,525
FLEXID-0639,"Code civil, art. 192",639,600,-39,39,259
FLEXID-0640,"Code civil, art. 195",640,878,238,238,333
FLEXID-0641,"Code civil, art. 195",641,298,-343,343,247
FLEXID-0642,"Code civil, art. 195",642,545,-97,97,247
FLEXID-0643,"Code civil, art. 196",643,884,241,241,354
FLEXID-0644,"Code civil, art. 196",644,237,-407,407,293
FLEXID-0645,"Code civil, art. 196",645,530,-115,115,293
FLEXID-0646,"Code civil, art. 198",646,688,42,42,215
FLEXID-0647,"Code civil, art. 198",647,473,-174,174,215
FLEXID-0648,"Code civil, art. 198",648,202,-446,446,271
FLEXID-0649,"Code civil, art. 200",649,718,69,69,386
FLEXID-0650,"Code civil, art. 200",650,332,-318,318,248
FLEXID-0651,"Code civil, art. 200",651,84,-567,567,248
FLEXID-0652,"Code civil, art. 201",652,714,62,62,301
FLEXID-0653,"Code civil, art. 201",653,413,-240,240,301
FLEXID-0654,"Code civil, art. 201",654,90,-564,564,323
FLEXID-0655,"Code civil, art. 202-2",655,854,199,199,440
FLEXID-0656,"Code civil, art. 202-2",656,414,-242,242,351
FLEXID-0657,"Code civil, art. 202-2",657,63,-594,594,351
FLEXID-0658,"Code civil, art. 203",658,804,146,146,457
FLEXID-0659,"Code civil, art. 203",659,347,-312,312,226
FLEXID-0660,"Code civil, art. 203",660,121,-539,539,226
FLEXID-0661,"Code civil, art. 204",661,974,313,313,582
FLEXID-0662,"Code civil, art. 204",662,151,-511,511,241
FLEXID-0663,"Code civil, art. 204",663,392,-271,271,241
FLEXID-0664,"Code civil, art. 205",664,883,219,219,267
FLEXID-0665,"Code civil, art. 205",665,73,-592,592,543
FLEXID-0666,"Code civil, art. 205",666,616,-50,50,267
FLEXID-0667,"Code civil, art. 206",667,955,288,288,518
FLEXID-0668,"Code civil, art. 206",668,271,-397,397,166
FLEXID-0669,"Code civil, art. 206",669,437,-232,232,166
FLEXID-0670,"Code civil, art. 208",670,946,276,276,505
FLEXID-0671,"Code civil, art. 208",671,275,-396,396,166
FLEXID-0672,"Code civil, art. 208",672,441,-231,231,166
FLEXID-0673,"Code civil, art. 209",673,864,191,191,518
FLEXID-0674,"Code civil, art. 209",674,346,-328,328,227
FLEXID-0675,"Code civil, art. 209",675,119,-556,556,227
FLEXID-0676,"Code civil, art. 210",676,844,168,168,432
FLEXID-0677,"Code civil, art. 210",677,412,-265,265,166
FLEXID-0678,"Code civil, art. 210",678,246,-432,432,166
FLEXID-0679,"Code civil, art. 211",679,794,115,115,415
FLEXID-0680,"Code civil, art. 211",680,379,-301,301,252
FLEXID-0681,"Code civil, art. 211",681,127,-554,554,252
FLEXID-0682,"Code civil, art. 212",682,792,110,110,166
FLEXID-0683,"Code civil, art. 212",683,195,-488,488,431
FLEXID-0684,"Code civil, art. 212",684,626,-58,58,166
FLEXID-0685,"Code civil, art. 213",685,887,202,202,400
FLEXID-0686,"Code civil, art. 213",686,139,-547,547,348
FLEXID-0687,"Code civil, art. 213",687,487,-200,200,348
FLEXID-0688,"Code civil, art. 214",688,713,25,25,166
FLEXID-0689,"Code civil, art. 214",689,547,-142,142,166
FLEXID-0690,"Code civil, art. 214",690,256,-434,434,291
FLEXID-0691,"Code civil, art. 215",691,5,-686,686,166
FLEXID-0692,"Code civil, art. 215",692,171,-521,521,166
FLEXID-0693,"Code civil, art. 215",693,337,-356,356,166
FLEXID-0694,"Code civil, art. 216",694,909,215,215,467
FLEXID-0695,"Code civil, art. 216",695,442,-253,253,166
FLEXID-0696,"Code civil, art. 216",696,276,-420,420,166
FLEXID-0697,"Code civil, art. 217",697,828,131,131,345
FLEXID-0698,"Code civil, art. 217",698,483,-215,215,166
FLEXID-0699,"Code civil, art. 217",699,317,-382,382,166
FLEXID-0700,"Code civil, art. 218",700,764,64,64,166
FLEXID-0701,"Code civil, art. 218",701,598,-103,103,166
FLEXID-0702,"Code civil, art. 218",702,321,-381,381,277
FLEXID-0703,"Code civil, art. 219",703,834,131,131,417
FLEXID-0704,"Code civil, art. 219",704,417,-287,287,259
FLEXID-0705,"Code civil, art. 219",705,158,-547,547,259
FLEXID-0706,"Code civil, art. 220-1",706,850,144,144,491
FLEXID-0707,"Code civil, art. 220-1",707,359,-348,348,166
FLEXID-0708,"Code civil, art. 220-1",708,193,-515,515,166
FLEXID-0709,"Code civil, art. 220-3",709,908,199,199,367
FLEXID-0710,"Code civil, art. 220-3",710,209,-501,501,332
FLEXID-0711,"Code civil, art. 220-3",711,541,-170,170,332
FLEXID-0712,"Code civil, art. 221",712,962,250,250,598
FLEXID-0713,"Code civil, art. 221",713,364,-349,349,232
FLEXID-0714,"Code civil, art. 221",714,132,-582,582,232
FLEXID-0715,"Code civil, art. 223",715,720,5,5,199
FLEXID-0716,"Code civil, art. 223",716,521,-195,195,199
FLEXID-0717,"Code civil, art. 223",717,295,-422,422,226
FLEXID-0718,"Code civil, art. 225",718,991,273,273,552
FLEXID-0719,"Code civil, art. 225",719,439,-280,280,369
FLEXID-0720,"Code civil, art. 225",720,70,-650,650,369
FLEXID-0721,"Code civil, art. 225-1",721,811,90,90,166
FLEXID-0722,"Code civil, art. 225-1",722,111,-611,611,534
FLEXID-0723,"Code civil, art. 225-1",723,645,-78,78,166
FLEXID-0724,"Code civil, art. 227",724,901,177,177,381
FLEXID-0725,"Code civil, art. 227",725,520,-205,205,261
FLEXID-0726,"Code civil, art. 227",726,259,-467,467,261
FLEXID-0727,"Code civil, art. 232",727,994,267,267,361
FLEXID-0728,"Code civil, art. 232",728,98,-630,630,535
FLEXID-0729,"Code civil, art. 232",729,633,-96,96,361
FLEXID-0730,"Code civil, art. 234",730,824,94,94,185
FLEXID-0731,"Code civil, art. 234",731,203,-528,528,436
FLEXID-0732,"Code civil, art. 234",732,639,-93,93,185
FLEXID-0733,"Code civil, art. 237",733,769,36,36,360
FLEXID-0734,"Code civil, art. 237",734,409,-325,325,219
FLEXID-0735,"Code civil, art. 237",735,190,-545,545,219
FLEXID-0736,"Code civil, art. 244",736,790,54,54,327
FLEXID-0737,"Code civil, art. 244",737,463,-274,274,166
FLEXID-0738,"Code civil, art. 244",738,297,-441,441,166
FLEXID-0739,"Code civil, art. 245-1",739,796,57,57,304
FLEXID-0740,"Code civil, art. 245-1",740,492,-248,248,166
FLEXID-0741,"Code civil, art. 245-1",741,326,-415,415,166
FLEXID-0742,"Code civil, art. 247-1",742,987,245,245,399
FLEXID-0743,"Code civil, art. 247-1",743,288,-455,455,300
FLEXID-0744,"Code civil, art. 247-1",744,588,-156,156,300
FLEXID-0745,"Code civil, art. 248",745,932,187,187,457
FLEXID-0746,"Code civil, art. 248",746,475,-271,271,166
FLEXID-0747,"Code civil, art. 248",747,309,-438,438,166
FLEXID-0748,"Code civil, art. 249",748,929,181,181,289
FLEXID-0749,"Code civil, art. 249",749,231,-518,518,409
FLEXID-0750,"Code civil, art. 249",750,640,-110,110,289
FLEXID-0751,"Code civil, art. 250",751,814,63,63,168
FLEXID-0752,"Code civil, art. 250",752,646,-106,106,168
FLEXID-0753,"Code civil, art. 250",753,232,-521,521,414
FLEXID-0754,"Code civil, art. 251",754,761,7,7,299
FLEXID-0755,"Code civil, art. 251",755,462,-293,293,166
FLEXID-0756,"Code civil, art. 251",756,296,-460,460,166
FLEXID-0757,"Code civil, art. 253",757,870,113,113,409
FLEXID-0758,"Code civil, art. 253",758,461,-297,297,193
FLEXID-0759,"Code civil, art. 253",759,268,-491,491,193
FLEXID-0760,"Code civil, art. 254",760,927,167,167,392
FLEXID-0761,"Code civil, art. 254",761,535,-226,226,243
FLEXID-0762,"Code civil, art. 254",762,292,-470,470,243
FLEXID-0763,"Code civil, art. 259",763,159,-604,604,172
FLEXID-0764,"Code civil, art. 259",764,331,-433,433,172
FLEXID-0765,"Code civil, art. 259",765,687,-78,78,356
FLEXID-0766,"Code civil, art. 259-1",766,774,8,8,290
FLEXID-0767,"Code civil, art. 259-1",767,484,-283,283,290
FLEXID-0768,"Code civil, art. 259-1",768,160,-608,608,324
FLEXID-0769,"Code civil, art. 259-2",769,91,-678,678,477
FLEXID-0770,"Code civil, art. 259-2",770,568,-202,202,166
FLEXID-0771,"Code civil, art. 259-2",771,734,-37,37,166
FLEXID-0772,"Code civil, art. 260",772,847,75,75,381
FLEXID-0773,"Code civil, art. 260",773,466,-307,307,166
FLEXID-0774,"Code civil, art. 260",774,300,-474,474,166
FLEXID-0775,"Code civil, art. 262",775,328,-447,447,166
FLEXID-0776,"Code civil, art. 262",776,494,-282,282,166
FLEXID-0777,"Code civil, art. 262",777,704,-73,73,210
FLEXID-0778,"Code civil, art. 263",778,153,-625,625,452
FLEXID-0779,"Code civil, art. 263",779,605,-174,174,166
FLEXID-0780,"Code civil, art. 263",780,771,-9,9,166
FLEXID-0781,"Code civil, art. 264",781,95,-686,686,485
FLEXID-0782,"Code civil, art. 264",782,580,-202,202,166
FLEXID-0783,"Code civil, art. 264",783,746,-37,37,166
FLEXID-0784,"Code civil, art. 265-1",784,86,-698,698,433
FLEXID-0785,"Code civil, art. 265-1",785,519,-266,266,203
FLEXID-0786,"Code civil, art. 265-1",786,722,-64,64,203
FLEXID-0787,"Code civil, art. 265-2",787,838,51,51,461
FLEXID-0788,"Code civil, art. 265-2",788,377,-411,411,170
FLEXID-0789,"Code civil, art. 265-2",789,207,-582,582,170
FLEXID-0790,"Code civil, art. 276-1",790,971,181,181,620
FLEXID-0791,"Code civil, art. 276-1",791,351,-440,440,246
FLEXID-0792,"Code civil, art. 276-1",792,105,-687,687,246
FLEXID-0793,"Code civil, art. 276-3",793,826,33,33,283
FLEXID-0794,"Code civil, art. 276-3",794,543,-251,251,283
FLEXID-0795,"Code civil, art. 276-3",795,140,-655,655,403
FLEXID-0796,"Code civil, art. 277",796,248,-548,548,220
FLEXID-0797,"Code civil, art. 277",797,468,-329,329,207
FLEXID-0798,"Code civil, art. 277",798,675,-123,123,207
FLEXID-0799,"Code civil, art. 278",799,976,177,177,372
FLEXID-0800,"Code civil, art. 278",800,604,-196,196,372
FLEXID-0801,"Code civil, art. 278",801,208,-593,593,396
FLEXID-0802,"Code civil, art. 285-1",802,905,103,103,414
FLEXID-0803,"Code civil, art. 285-1",803,491,-312,312,366
FLEXID-0804,"Code civil, art. 285-1",804,125,-679,679,366
FLEXID-0805,"Code civil, art. 299",805,923,118,118,441
FLEXID-0806,"Code civil, art. 299",806,482,-324,324,166
FLEXID-0807,"Code civil, art. 299",807,316,-491,491,166
FLEXID-0808,"Code civil, art. 300",808,120,-688,688,250
FLEXID-0809,"Code civil, art. 300",809,370,-439,439,250
FLEXID-0810,"Code civil, art. 300",810,663,-147,147,293
FLEXID-0811,"Code civil, art. 306",811,917,106,106,264
FLEXID-0812,"Code civil, art. 306",812,653,-159,159,264
FLEXID-0813,"Code civil, art. 306",813,27,-786,786,626
FLEXID-0814,"Code civil, art. 307",814,93,-721,721,520
FLEXID-0815,"Code civil, art. 307",815,613,-202,202,169
FLEXID-0816,"Code civil, art. 307",816,782,-34,34,169
FLEXID-0817,"Code civil, art. 308",817,313,-504,504,166
FLEXID-0818,"Code civil, art. 308",818,479,-339,339,166
FLEXID-0819,"Code civil, art. 308",819,662,-157,157,183
FLEXID-0820,"Code civil, art. 311",820,933,113,113,463
FLEXID-0821,"Code civil, art. 311",821,470,-351,351,449
FLEXID-0822,"Code civil, art. 311",822,21,-801,801,449
FLEXID-0823,"Code civil, art. 311-14",823,183,-640,640,284
FLEXID-0824,"Code civil, art. 311-14",824,467,-357,357,204
FLEXID-0825,"Code civil, art. 311-14",825,671,-154,154,204
FLEXID-0826,"Code civil, art. 311-15",826,856,30,30,330
FLEXID-0827,"Code civil, art. 311-15",827,526,-301,301,207
FLEXID-0828,"Code civil, art. 311-15",828,319,-509,509,207
FLEXID-0829,"Code civil, art. 311-17",829,849,20,20,461
FLEXID-0830,"Code civil, art. 311-17",830,388,-442,442,332
FLEXID-0831,"Code civil, art. 311-17",831,56,-775,775,332
FLEXID-0832,"Code civil, art. 311-24-1",832,226,-606,606,375
FLEXID-0833,"Code civil, art. 311-24-1",833,601,-232,232,166
FLEXID-0834,"Code civil, art. 311-24-1",834,767,-67,67,166
FLEXID-0835,"Code civil, art. 311-25",835,4,-831,831,166
FLEXID-0836,"Code civil, art. 311-25",836,170,-666,666,166
FLEXID-0837,"Code civil, art. 311-25",837,336,-501,501,166
FLEXID-0838,"Code civil, art. 313",838,918,80,80,276
FLEXID-0839,"Code civil, art. 313",839,642,-197,197,276
FLEXID-0840,"Code civil, art. 313",840,210,-630,630,432
FLEXID-0841,"Code civil, art. 316-3",841,138,-703,703,465
FLEXID-0842,"Code civil, art. 316-3",842,603,-239,239,170
FLEXID-0843,"Code civil, art. 316-3",843,773,-70,70,170
FLEXID-0844,"Code civil, art. 316-4",844,100,-744,744,471
FLEXID-0845,"Code civil, art. 316-4",845,571,-274,274,272
FLEXID-0846,"Code civil, art. 316-4",846,843,-3,3,272
FLEXID-0847,"Code civil, art. 318",847,301,-546,546,194
FLEXID-0848,"Code civil, art. 318",848,495,-353,353,194
FLEXID-0849,"Code civil, art. 318",849,747,-102,102,252
FLEXID-0850,"Code civil, art. 318-1",850,282,-568,568,166
FLEXID-0851,"Code civil, art. 318-1",851,448,-403,403,166
FLEXID-0852,"Code civil, art. 318-1",852,729,-123,123,281
FLEXID-0853,"Code civil, art. 319",853,996,143,143,591
FLEXID-0854,"Code civil, art. 319",854,405,-449,449,306
FLEXID-0855,"Code civil, art. 319",855,99,-756,756,306
FLEXID-0856,"Code civil, art. 321",856,48,-808,808,601
FLEXID-0857,"Code civil, art. 321",857,649,-208,208,166
FLEXID-0858,"Code civil, art. 321",858,815,-43,43,166
FLEXID-0859,"Code civil, art. 322",859,220,-639,639,349
FLEXID-0860,"Code civil, art. 322",860,569,-291,291,166
FLEXID-0861,"Code civil, art. 322",861,735,-126,126,166
FLEXID-0862,"Code civil, art. 323",862,980,118,118,615
FLEXID-0863,"Code civil, art. 323",863,365,-498,498,178
FLEXID-0864,"Code civil, art. 323",864,187,-677,677,178
FLEXID-0865,"Code civil, art. 325",865,26,-839,839,420
FLEXID-0866,"Code civil, art. 325",866,446,-420,420,214
FLEXID-0867,"Code civil, art. 325",867,660,-207,207,214
FLEXID-0868,"Code civil, art. 326",868,249,-619,619,402
FLEXID-0869,"Code civil, art. 326",869,651,-218,218,174
FLEXID-0870,"Code civil, art. 326",870,825,-45,45,174
FLEXID-0871,"Code civil, art. 327",871,81,-790,790,275
FLEXID-0872,"Code civil, art. 327",872,356,-516,516,275
FLEXID-0873,"Code civil, art. 327",873,712,-161,161,356
FLEXID-0874,"Code civil, art. 330",874,267,-607,607,166
FLEXID-0875,"Code civil, art. 330",875,433,-442,442,166
FLEXID-0876,"Code civil, art. 330",876,681,-195,195,248
FLEXID-0877,"Code civil, art. 331",877,886,9,9,428
FLEXID-0878,"Code civil, art. 331",878,458,-420,420,343
FLEXID-0879,"Code civil, art. 331",879,115,-764,764,343
FLEXID-0880,"Code civil, art. 332",880,906,26,26,397
FLEXID-0881,"Code civil, art. 332",881,509,-372,372,397
FLEXID-0882,"Code civil, art. 332",882,35,-847,847,474
FLEXID-0883,"Code civil, art. 335",883,260,-623,623,216
FLEXID-0884,"Code civil, art. 335",884,476,-408,408,216
FLEXID-0885,"Code civil, art. 335",885,779,-106,106,303
FLEXID-0886,"Code civil, art. 336",886,993,107,107,565
FLEXID-0887,"Code civil, art. 336",887,428,-459,459,166
FLEXID-0888,"Code civil, art. 336",888,262,-626,626,166
FLEXID-0889,"Code civil, art. 337",889,294,-595,595,248
FLEXID-0890,"Code civil, art. 337",890,542,-348,348,248
FLEXID-0891,"Code civil, art. 337",891,865,-26,26,323
FLEXID-0892,"Code civil, art. 342-2",892,266,-626,626,166
FLEXID-0893,"Code civil, art. 342-2",893,432,-461,461,166
FLEXID-0894,"Code civil, art. 342-2",894,689,-205,205,257
FLEXID-0895,"Code civil, art. 342-4",895,147,-748,748,449
FLEXID-0896,"Code civil, art. 342-4",896,596,-300,300,166
FLEXID-0897,"Code civil, art. 342-4",897,762,-135,135,166
FLEXID-0898,"Code civil, art. 342-8",898,44,-854,854,372
FLEXID-0899,"Code civil, art. 342-8",899,416,-483,483,370
FLEXID-0900,"Code civil, art. 342-8",900,786,-114,114,370
FLEXID-0901,"Code civil, art. 342-9",901,180,-721,721,456
FLEXID-0902,"Code civil, art. 342-9",902,636,-266,266,166
FLEXID-0903,"Code civil, art. 342-9",903,802,-101,101,166
FLEXID-0904,"Code civil, art. 343",904,943,39,39,462
FLEXID-0905,"Code civil, art. 343",905,481,-424,424,166
FLEXID-0906,"Code civil, art. 343",906,315,-591,591,166
FLEXID-0907,"Code civil, art. 343-1",907,939,32,32,589
FLEXID-0908,"Code civil, art. 343-1",908,350,-558,558,261
FLEXID-0909,"Code civil, art. 343-1",909,89,-820,820,261
FLEXID-0910,"Code civil, art. 345-1",910,1001,91,91,353
FLEXID-0911,"Code civil, art. 345-1",911,648,-263,263,325
FLEXID-0912,"Code civil, art. 345-1",912,323,-589,589,325
FLEXID-0913,"Code civil, art. 345-2",913,278,-635,635,166
FLEXID-0914,"Code civil, art. 345-2",914,444,-470,470,166
FLEXID-0915,"Code civil, art. 345-2",915,890,-25,25,446
FLEXID-0916,"Code civil, art. 347",916,944,28,28,408
FLEXID-0917,"Code civil, art. 347",917,536,-381,381,408
FLEXID-0918,"Code civil, art. 347",918,110,-808,808,426
FLEXID-0919,"Code civil, art. 348",919,219,-700,700,259
FLEXID-0920,"Code civil, art. 348",920,478,-442,442,259
FLEXID-0921,"Code civil, art. 348",921,766,-155,155,288
FLEXID-0922,"Code civil, art. 348-1",922,130,-792,792,359
FLEXID-0923,"Code civil, art. 348-1",923,489,-434,434,235
FLEXID-0924,"Code civil, art. 348-1",924,724,-200,200,235
FLEXID-0925,"Code civil, art. 348-2",925,329,-596,596,312
FLEXID-0926,"Code civil, art. 348-2",926,641,-285,285,166
FLEXID-0927,"Code civil, art. 348-2",927,807,-120,120,166
FLEXID-0928,"Code civil, art. 348-3",928,144,-784,784,281
FLEXID-0929,"Code civil, art. 348-3",929,425,-504,504,281
FLEXID-0930,"Code civil, art. 348-3",930,875,-55,55,450
FLEXID-0931,"Code civil, art. 348-5",931,218,-713,713,175
FLEXID-0932,"Code civil, art. 348-5",932,393,-539,539,175
FLEXID-0933,"Code civil, art. 348-5",933,914,-19,19,521
FLEXID-0934,"Code civil, art. 348-6",934,25,-909,909,395
FLEXID-0935,"Code civil, art. 348-6",935,420,-515,515,385
FLEXID-0936,"Code civil, art. 348-6",936,805,-131,131,385
FLEXID-0937,"Code civil, art. 348-7",937,211,-726,726,398
FLEXID-0938,"Code civil, art. 348-7",938,609,-329,329,166
FLEXID-0939,"Code civil, art. 348-7",939,775,-164,164,166
FLEXID-0940,"Code civil, art. 349",940,290,-650,650,166
FLEXID-0941,"Code civil, art. 349",941,456,-485,485,166
FLEXID-0942,"Code civil, art. 349",942,751,-191,191,295
FLEXID-0943,"Code civil, art. 350",943,200,-743,743,395
FLEXID-0944,"Code civil, art. 350",944,595,-349,349,302
FLEXID-0945,"Code civil, art. 350",945,897,-48,48,302
FLEXID-0946,"Code civil, art. 351",946,308,-638,638,270
FLEXID-0947,"Code civil, art. 351",947,578,-369,369,166
FLEXID-0948,"Code civil, art. 351",948,744,-204,204,166
FLEXID-0949,"Code civil, art. 352",949,39,-910,910,550
FLEXID-0950,"Code civil, art. 352",950,589,-361,361,174
FLEXID-0951,"Code civil, art. 352",951,763,-188,188,174
FLEXID-0952,"Code civil, art. 352-1",952,57,-895,895,467
FLEXID-0953,"Code civil, art. 352-1",953,524,-429,429,275
FLEXID-0954,"Code civil, art. 352-1",954,799,-155,155,275
FLEXID-0955,"Code civil, art. 352-2",955,131,-824,824,222
FLEXID-0956,"Code civil, art. 352-2",956,353,-603,603,222
FLEXID-0957,"Code civil, art. 352-2",957,925,-32,32,572
FLEXID-0958,"Code civil, art. 353",958,31,-927,927,580
FLEXID-0959,"Code civil, art. 353",959,611,-348,348,319
FLEXID-0960,"Code civil, art. 353",960,930,-30,30,319
FLEXID-0961,"Code civil, art. 354",961,117,-844,844,462
FLEXID-0962,"Code civil, art. 354",962,579,-383,383,349
FLEXID-0963,"Code civil, art. 354",963,928,-35,35,349
FLEXID-0964,"Code civil, art. 355",964,76,-888,888,568
FLEXID-0965,"Code civil, art. 355",965,644,-321,321,166
FLEXID-0966,"Code civil, art. 355",966,810,-156,156,166
FLEXID-0967,"Code civil, art. 359",967,41,-926,926,380
FLEXID-0968,"Code civil, art. 359",968,421,-547,547,380
FLEXID-0969,"Code civil, art. 359",969,855,-114,114,434
FLEXID-0970,"Code civil, art. 362",970,61,-909,909,476
FLEXID-0971,"Code civil, art. 362",971,537,-434,434,166
FLEXID-0972,"Code civil, art. 362",972,703,-269,269,166
FLEXID-0973,"Code civil, art. 363",973,177,-796,796,207
FLEXID-0974,"Code civil, art. 363",974,384,-590,590,207
FLEXID-0975,"Code civil, art. 363",975,921,-54,54,537
FLEXID-0976,"Code civil, art. 364",976,40,-936,936,467
FLEXID-0977,"Code civil, art. 364",977,507,-470,470,428
FLEXID-0978,"Code civil, art. 364",978,935,-43,43,428
FLEXID-0979,"Code civil, art. 366",979,201,-778,778,354
FLEXID-0980,"Code civil, art. 366",980,555,-425,425,223
FLEXID-0981,"Code civil, art. 366",981,778,-203,203,223
FLEXID-0982,"Code civil, art. 367",982,162,-820,820,376
FLEXID-0983,"Code civil, art. 367",983,538,-445,445,322
FLEXID-0984,"Code civil, art. 367",984,860,-124,124,322
FLEXID-0985,"Code civil, art. 368",985,197,-788,788,166
FLEXID-0986,"Code civil, art. 368",986,363,-623,623,166
FLEXID-0987,"Code civil, art. 368",987,983,-4,4,620
FLEXID-0988,"Code civil, art. 369-1",988,205,-783,783,360
FLEXID-0989,"Code civil, art. 369-1",989,565,-424,424,338
FLEXID-0990,"Code civil, art. 369-1",990,903,-87,87,338
FLEXID-0991,"Code civil, art. 370-1",991,273,-718,718,271
FLEXID-0992,"Code civil, art. 370-1",992,544,-448,448,166
FLEXID-0993,"Code civil, art. 370-1",993,710,-283,283,166
FLEXID-0994,"Code civil, art. 370-1-1",994,65,-929,929,510
FLEXID-0995,"Code civil, art. 370-1-1",995,575,-420,420,166
FLEXID-0996,"Code civil, art. 370-1-1",996,741,-255,255,166
FLEXID-0997,"Code civil, art. 370-1-2",997,322,-675,675,166
FLEXID-0998,"Code civil, art. 370-1-2",998,488,-510,510,166
FLEXID-0999,"Code civil, art. 370-1-2",999,684,-315,315,196
FLEXID-1000,"Code civil, art. 370-1-4",1000,22,-978,978,464
FLEXID-1001,"Code civil, art. 370-1-4",1001,486,-515,515,212
FLEXID-1002,"Code civil, art. 370-1-4",1002,698,-304,304,212
