base_id,gold_label,direction,original_name,counterfactual_name,original_prediction,counterfactual_prediction,label_flip,original_correct,counterfactual_correct,harmful_flip,beneficial_flip
FLEXID-0129,neutral,feminine_to_masculine,Morgan,Martin,entailment,entailment,0,0,0,0,0
FLEXID-0227,entailment,masculine_to_feminine,Benjamin,Béatrice,entailment,entailment,0,1,1,0,0
FLEXID-0232,contradiction,feminine_to_masculine,Louise,Lucas,contradiction,contradiction,0,1,1,0,0
FLEXID-0196,neutral,feminine_to_masculine,Tainá,Thiago,neutral,neutral,0,1,1,0,0
FLEXID-0375,neutral,feminine_to_masculine,Ximena,Xavier,neutral,neutral,0,1,1,0,0
FLEXID-0097,neutral,masculine_to_feminine,Martin,Martine,contradiction,contradiction,0,0,0,0,0
FLEXID-0814,entailment,feminine_to_masculine,Mélisande,Marcel,entailment,entailment,0,1,1,0,0
FLEXID-0165,neutral,feminine_to_masculine,Nari,Minho,neutral,neutral,0,1,1,0,0
FLEXID-0231,contradiction,masculine_to_feminine,Amine,Amina,contradiction,contradiction,0,1,1,0,0
FLEXID-0446,contradiction,masculine_to_feminine,Felipe,Fernanda,contradiction,contradiction,0,1,1,0,0
FLEXID-0527,contradiction,feminine_to_masculine,Élodie,Émile,contradiction,contradiction,0,1,1,0,0
FLEXID-0387,neutral,feminine_to_masculine,Salma,Salim,neutral,neutral,0,1,1,0,0
FLEXID-0644,contradiction,masculine_to_feminine,Ulysse,Yvette,contradiction,contradiction,0,1,1,0,0
FLEXID-0609,neutral,feminine_to_masculine,Célestine,Césaire,entailment,entailment,0,0,0,0,0
FLEXID-0501,neutral,feminine_to_masculine,Élodie,Émile,neutral,neutral,0,1,1,0,0
FLEXID-0796,entailment,feminine_to_masculine,Yvette,Yvan,entailment,neutral,1,1,0,1,0
FLEXID-0255,neutral,feminine_to_masculine,Hélène,Hector,neutral,neutral,0,1,1,0,0
FLEXID-0449,contradiction,feminine_to_masculine,Momoka,Mohamed,entailment,contradiction,1,0,1,0,1
FLEXID-0426,neutral,feminine_to_masculine,Salma,Salim,neutral,neutral,0,1,1,0,0
FLEXID-0128,entailment,feminine_to_masculine,Sophie,Sofiane,entailment,entailment,0,1,1,0,0
FLEXID-0123,entailment,feminine_to_masculine,Sophie,Sofiane,entailment,entailment,0,1,1,0,0
FLEXID-0775,entailment,feminine_to_masculine,Solène,Samuel,entailment,entailment,0,1,1,0,0
FLEXID-0088,contradiction,masculine_to_feminine,Martin,Martine,contradiction,contradiction,0,1,1,0,0
FLEXID-0229,neutral,masculine_to_feminine,Amine,Amina,neutral,neutral,0,1,1,0,0
FLEXID-0528,neutral,masculine_to_feminine,Murilo,Muriel,neutral,neutral,0,1,1,0,0
FLEXID-0195,contradiction,feminine_to_masculine,Sophie,Sofiane,contradiction,contradiction,0,1,1,0,0
FLEXID-0608,contradiction,feminine_to_masculine,Célestine,Césaire,contradiction,contradiction,0,1,1,0,0
FLEXID-0623,contradiction,masculine_to_feminine,Pacôme,Paloma,contradiction,contradiction,0,1,1,0,0
FLEXID-0737,contradiction,masculine_to_feminine,Kossi,Kaori,contradiction,contradiction,0,1,1,0,0
FLEXID-0127,entailment,masculine_to_feminine,Rafael,Renata,entailment,entailment,0,1,1,0,0
FLEXID-0124,contradiction,masculine_to_feminine,Amaury,Aurore,contradiction,contradiction,0,1,1,0,0
FLEXID-0096,neutral,masculine_to_feminine,Benjamin,Béatrice,neutral,neutral,0,1,1,0,0
FLEXID-0815,contradiction,feminine_to_masculine,Yetunde,Youssef,contradiction,contradiction,0,1,1,0,0
FLEXID-0373,entailment,masculine_to_feminine,Amine,Amina,entailment,entailment,0,1,1,0,0
FLEXID-0425,contradiction,masculine_to_feminine,Yanis,Yara,contradiction,contradiction,0,1,1,0,0
FLEXID-0386,contradiction,masculine_to_feminine,Minho,Minji,contradiction,contradiction,0,1,1,0,0
FLEXID-0499,entailment,feminine_to_masculine,Élodie,Émile,entailment,entailment,0,1,1,0,0
FLEXID-0254,contradiction,masculine_to_feminine,Bertrand,Bertille,contradiction,contradiction,0,1,1,0,0
FLEXID-0798,neutral,masculine_to_feminine,Donghyun,Daphné,neutral,neutral,0,1,1,0,0
FLEXID-0228,entailment,masculine_to_feminine,Amine,Amina,entailment,entailment,0,1,1,0,0
FLEXID-0445,entailment,feminine_to_masculine,Sofia,Sami,entailment,entailment,0,1,1,0,0
FLEXID-0562,entailment,feminine_to_masculine,Chloé,Charles,entailment,entailment,0,1,1,0,0
FLEXID-0607,entailment,feminine_to_masculine,Célestine,Césaire,entailment,entailment,0,1,1,0,0
FLEXID-0622,entailment,feminine_to_masculine,Sofia,Sami,entailment,entailment,0,1,1,0,0
FLEXID-0163,entailment,feminine_to_masculine,Rina,Riku,entailment,entailment,0,1,1,0,0
FLEXID-0374,contradiction,feminine_to_masculine,Sofia,Sami,contradiction,contradiction,0,1,1,0,0
FLEXID-0736,entailment,feminine_to_masculine,Yasmine,Yassine,entailment,entailment,0,1,1,0,0
FLEXID-0125,neutral,masculine_to_feminine,Julien,Julie,entailment,entailment,0,0,0,0,0
FLEXID-0253,entailment,masculine_to_feminine,Hyunwoo,Hyejin,entailment,entailment,0,1,1,0,0
FLEXID-0044,contradiction,masculine_to_feminine,Julien,Julie,contradiction,neutral,1,1,0,1,0
FLEXID-0035,contradiction,masculine_to_feminine,Naliaka,Nadine,contradiction,neutral,1,1,0,1,0
FLEXID-0033,entailment,feminine_to_masculine,Kaori,Kamel,entailment,entailment,0,1,1,0,0
FLEXID-0643,entailment,feminine_to_masculine,Yara,Yanis,entailment,entailment,0,1,1,0,0
FLEXID-0802,entailment,feminine_to_masculine,Domitille,Damien,entailment,entailment,0,1,1,0,0
FLEXID-0095,neutral,masculine_to_feminine,Benjamin,Béatrice,neutral,neutral,0,1,1,0,0
FLEXID-0500,contradiction,feminine_to_masculine,Élodie,Émile,contradiction,neutral,1,1,0,1,0
FLEXID-0526,entailment,masculine_to_feminine,Antoine,Anissa,neutral,neutral,0,0,0,0,0
FLEXID-0087,entailment,masculine_to_feminine,Martin,Martine,entailment,entailment,0,1,1,0,0
FLEXID-0742,entailment,feminine_to_masculine,Quitterie,Raphaël,entailment,entailment,0,1,1,0,0
FLEXID-0448,entailment,feminine_to_masculine,Sofia,Sami,entailment,entailment,0,1,1,0,0
FLEXID-0424,entailment,feminine_to_masculine,Nora,Nabil,neutral,entailment,1,0,1,0,1
