base_id,variant_id,gold_label,name_category,original_name,replacement_name,original_prediction,variant_prediction,label_flip,original_correct,variant_correct,harmful_flip,beneficial_flip
FLEXID-0087,FLEXID-0087__name_01,entailment,masculine,Martin,Seungwoo,entailment,entailment,0,1,1,0,0
FLEXID-0087,FLEXID-0087__name_02,entailment,masculine,Martin,Benoît,entailment,entailment,0,1,1,0,0
FLEXID-0087,FLEXID-0087__name_03,entailment,masculine,Martin,Sélim,entailment,entailment,0,1,1,0,0
FLEXID-0087,FLEXID-0087__name_04,entailment,masculine,Martin,Souleymane,entailment,entailment,0,1,1,0,0
FLEXID-0088,FLEXID-0088__name_01,contradiction,masculine,Martin,Bernard,contradiction,contradiction,0,1,1,0,0
FLEXID-0088,FLEXID-0088__name_02,contradiction,masculine,Martin,Idrissa,contradiction,contradiction,0,1,1,0,0
FLEXID-0088,FLEXID-0088__name_03,contradiction,masculine,Martin,Seojun,contradiction,contradiction,0,1,1,0,0
FLEXID-0088,FLEXID-0088__name_04,contradiction,masculine,Martin,Firmin,contradiction,contradiction,0,1,1,0,0
FLEXID-0097,FLEXID-0097__name_01,neutral,masculine,Martin,Lucas,contradiction,neutral,1,0,1,0,1
FLEXID-0097,FLEXID-0097__name_02,neutral,masculine,Martin,Ruben,contradiction,neutral,1,0,1,0,1
FLEXID-0097,FLEXID-0097__name_03,neutral,masculine,Martin,Seojun,contradiction,contradiction,0,0,0,0,0
FLEXID-0097,FLEXID-0097__name_04,neutral,masculine,Martin,Diego,contradiction,neutral,1,0,1,0,1
FLEXID-0128,FLEXID-0128__name_01,entailment,feminine,Sophie,Larissa,entailment,entailment,0,1,1,0,0
FLEXID-0128,FLEXID-0128__name_02,entailment,feminine,Sophie,Mélisande,entailment,entailment,0,1,1,0,0
FLEXID-0128,FLEXID-0128__name_03,entailment,feminine,Sophie,Isaline,entailment,entailment,0,1,1,0,0
FLEXID-0128,FLEXID-0128__name_04,entailment,feminine,Sophie,Maëlle,entailment,entailment,0,1,1,0,0
FLEXID-0163,FLEXID-0163__name_01,entailment,feminine,Rina,Mélisande,entailment,entailment,0,1,1,0,0
FLEXID-0163,FLEXID-0163__name_02,entailment,feminine,Rina,Montserrat,entailment,entailment,0,1,1,0,0
FLEXID-0163,FLEXID-0163__name_03,entailment,feminine,Rina,Ximena,entailment,entailment,0,1,1,0,0
FLEXID-0163,FLEXID-0163__name_04,entailment,feminine,Rina,Frida,entailment,entailment,0,1,1,0,0
FLEXID-0165,FLEXID-0165__name_01,neutral,feminine,Nari,Meryem,neutral,neutral,0,1,1,0,0
FLEXID-0165,FLEXID-0165__name_02,neutral,feminine,Nari,Lucie,neutral,neutral,0,1,1,0,0
FLEXID-0165,FLEXID-0165__name_03,neutral,feminine,Nari,Aliénor,neutral,neutral,0,1,1,0,0
FLEXID-0165,FLEXID-0165__name_04,neutral,feminine,Nari,Manuela,neutral,neutral,0,1,1,0,0
FLEXID-0182,FLEXID-0182__name_01,neutral,masculine,Julien,Zéphyr,neutral,entailment,1,1,0,1,0
FLEXID-0182,FLEXID-0182__name_02,neutral,masculine,Julien,Bruno,neutral,neutral,0,1,1,0,0
FLEXID-0182,FLEXID-0182__name_03,neutral,masculine,Julien,Andrés,neutral,neutral,0,1,1,0,0
FLEXID-0182,FLEXID-0182__name_04,neutral,masculine,Julien,Idrissa,neutral,neutral,0,1,1,0,0
FLEXID-0228,FLEXID-0228__name_01,entailment,masculine,Amine,Thomas,entailment,entailment,0,1,1,0,0
FLEXID-0228,FLEXID-0228__name_02,entailment,masculine,Amine,Nadir,entailment,entailment,0,1,1,0,0
FLEXID-0228,FLEXID-0228__name_03,entailment,masculine,Amine,Hans,entailment,entailment,0,1,1,0,0
FLEXID-0228,FLEXID-0228__name_04,entailment,masculine,Amine,Laurent,entailment,entailment,0,1,1,0,0
FLEXID-0229,FLEXID-0229__name_01,neutral,masculine,Amine,Sami,neutral,neutral,0,1,1,0,0
FLEXID-0229,FLEXID-0229__name_02,neutral,masculine,Amine,Jean,neutral,neutral,0,1,1,0,0
FLEXID-0229,FLEXID-0229__name_03,neutral,masculine,Amine,Balthazar,neutral,neutral,0,1,1,0,0
FLEXID-0229,FLEXID-0229__name_04,neutral,masculine,Amine,Donghyun,neutral,neutral,0,1,1,0,0
FLEXID-0253,FLEXID-0253__name_01,entailment,masculine,Hyunwoo,Walid,entailment,entailment,0,1,1,0,0
FLEXID-0253,FLEXID-0253__name_02,entailment,masculine,Hyunwoo,Marcel,entailment,entailment,0,1,1,0,0
FLEXID-0253,FLEXID-0253__name_03,entailment,masculine,Hyunwoo,Marwan,entailment,entailment,0,1,1,0,0
FLEXID-0253,FLEXID-0253__name_04,entailment,masculine,Hyunwoo,Souleymane,entailment,entailment,0,1,1,0,0
FLEXID-0254,FLEXID-0254__name_01,contradiction,masculine,Bertrand,Adil,contradiction,contradiction,0,1,1,0,0
FLEXID-0254,FLEXID-0254__name_02,contradiction,masculine,Bertrand,Gautier,contradiction,contradiction,0,1,1,0,0
FLEXID-0254,FLEXID-0254__name_03,contradiction,masculine,Bertrand,Samy,contradiction,contradiction,0,1,1,0,0
FLEXID-0254,FLEXID-0254__name_04,contradiction,masculine,Bertrand,Youssef,contradiction,contradiction,0,1,1,0,0
FLEXID-0255,FLEXID-0255__name_01,neutral,feminine,Hélène,Abena,neutral,neutral,0,1,1,0,0
FLEXID-0255,FLEXID-0255__name_02,neutral,feminine,Hélène,Daphné,neutral,neutral,0,1,1,0,0
FLEXID-0255,FLEXID-0255__name_03,neutral,feminine,Hélène,Ariane,neutral,neutral,0,1,1,0,0
FLEXID-0255,FLEXID-0255__name_04,neutral,feminine,Hélène,Eugénie,neutral,neutral,0,1,1,0,0
FLEXID-0307,FLEXID-0307__name_01,contradiction,masculine,Adam,Émile,contradiction,contradiction,0,1,1,0,0
FLEXID-0307,FLEXID-0307__name_02,contradiction,masculine,Adam,Seungwoo,contradiction,contradiction,0,1,1,0,0
FLEXID-0307,FLEXID-0307__name_03,contradiction,masculine,Adam,Hector,contradiction,contradiction,0,1,1,0,0
FLEXID-0307,FLEXID-0307__name_04,contradiction,masculine,Adam,Marius,contradiction,contradiction,0,1,1,0,0
FLEXID-0308,FLEXID-0308__name_01,neutral,masculine,Noé,Dongmin,neutral,neutral,0,1,1,0,0
FLEXID-0308,FLEXID-0308__name_02,neutral,masculine,Noé,Valentin,neutral,neutral,0,1,1,0,0
FLEXID-0308,FLEXID-0308__name_03,neutral,masculine,Noé,Zinedine,neutral,neutral,0,1,1,0,0
FLEXID-0308,FLEXID-0308__name_04,neutral,masculine,Noé,Kota,neutral,neutral,0,1,1,0,0
FLEXID-0321,FLEXID-0321__name_01,entailment,masculine,Hamza,Anis,entailment,entailment,0,1,1,0,0
FLEXID-0321,FLEXID-0321__name_02,entailment,masculine,Hamza,Rodrigo,entailment,entailment,0,1,1,0,0
FLEXID-0321,FLEXID-0321__name_03,entailment,masculine,Hamza,Pierrick,entailment,entailment,0,1,1,0,0
FLEXID-0321,FLEXID-0321__name_04,entailment,masculine,Hamza,Firmin,entailment,entailment,0,1,1,0,0
FLEXID-0323,FLEXID-0323__name_01,neutral,masculine,Salissou,Zakaria,neutral,neutral,0,1,1,0,0
FLEXID-0323,FLEXID-0323__name_02,neutral,masculine,Salissou,Julien,neutral,neutral,0,1,1,0,0
FLEXID-0323,FLEXID-0323__name_03,neutral,masculine,Salissou,Kaito,neutral,neutral,0,1,1,0,0
FLEXID-0323,FLEXID-0323__name_04,neutral,masculine,Salissou,Amaury,neutral,neutral,0,1,1,0,0
FLEXID-0355,FLEXID-0355__name_01,contradiction,masculine,Nadir,Benoît,contradiction,neutral,1,1,0,1,0
FLEXID-0355,FLEXID-0355__name_02,contradiction,masculine,Nadir,Emiliano,contradiction,contradiction,0,1,1,0,0
FLEXID-0355,FLEXID-0355__name_03,contradiction,masculine,Nadir,Anis,contradiction,neutral,1,1,0,1,0
FLEXID-0355,FLEXID-0355__name_04,contradiction,masculine,Nadir,Donghyun,contradiction,contradiction,0,1,1,0,0
FLEXID-0356,FLEXID-0356__name_01,neutral,feminine,Beatriz,Imane,neutral,neutral,0,1,1,0,0
FLEXID-0356,FLEXID-0356__name_02,neutral,feminine,Beatriz,Victoire,neutral,neutral,0,1,1,0,0
FLEXID-0356,FLEXID-0356__name_03,neutral,feminine,Beatriz,Héloïse,neutral,neutral,0,1,1,0,0
FLEXID-0356,FLEXID-0356__name_04,neutral,feminine,Beatriz,Shiori,neutral,neutral,0,1,1,0,0
FLEXID-0364,FLEXID-0364__name_01,contradiction,masculine,Malik,Youssef,contradiction,contradiction,0,1,1,0,0
FLEXID-0364,FLEXID-0364__name_02,contradiction,masculine,Malik,Amine,contradiction,contradiction,0,1,1,0,0
FLEXID-0364,FLEXID-0364__name_03,contradiction,masculine,Malik,Thomas,contradiction,contradiction,0,1,1,0,0
FLEXID-0364,FLEXID-0364__name_04,contradiction,masculine,Malik,Farid,contradiction,contradiction,0,1,1,0,0
FLEXID-0365,FLEXID-0365__name_01,neutral,masculine,Farid,Théodore,neutral,neutral,0,1,1,0,0
FLEXID-0365,FLEXID-0365__name_02,neutral,masculine,Farid,Rémy,neutral,neutral,0,1,1,0,0
FLEXID-0365,FLEXID-0365__name_03,neutral,masculine,Farid,Nadir,neutral,neutral,0,1,1,0,0
FLEXID-0365,FLEXID-0365__name_04,neutral,masculine,Farid,Benoît,neutral,neutral,0,1,1,0,0
FLEXID-0373,FLEXID-0373__name_01,entailment,masculine,Amine,Octave,entailment,entailment,0,1,1,0,0
FLEXID-0373,FLEXID-0373__name_02,entailment,masculine,Amine,Alejandro,entailment,entailment,0,1,1,0,0
FLEXID-0373,FLEXID-0373__name_03,entailment,masculine,Amine,Takumi,entailment,entailment,0,1,1,0,0
FLEXID-0373,FLEXID-0373__name_04,entailment,masculine,Amine,Seojun,entailment,entailment,0,1,1,0,0
FLEXID-0374,FLEXID-0374__name_01,contradiction,feminine,Sofia,Prisca,contradiction,contradiction,0,1,1,0,0
FLEXID-0374,FLEXID-0374__name_02,contradiction,feminine,Sofia,Aïssata,contradiction,contradiction,0,1,1,0,0
FLEXID-0374,FLEXID-0374__name_03,contradiction,feminine,Sofia,Yuna,contradiction,contradiction,0,1,1,0,0
FLEXID-0374,FLEXID-0374__name_04,contradiction,feminine,Sofia,Diane,contradiction,contradiction,0,1,1,0,0
FLEXID-0375,FLEXID-0375__name_01,neutral,feminine,Ximena,Akari,neutral,neutral,0,1,1,0,0
FLEXID-0375,FLEXID-0375__name_02,neutral,feminine,Ximena,Gloria,neutral,neutral,0,1,1,0,0
FLEXID-0375,FLEXID-0375__name_03,neutral,feminine,Ximena,Isaline,neutral,neutral,0,1,1,0,0
FLEXID-0375,FLEXID-0375__name_04,neutral,feminine,Ximena,Meryem,neutral,neutral,0,1,1,0,0
FLEXID-0386,FLEXID-0386__name_01,contradiction,masculine,Minho,Justin,contradiction,contradiction,0,1,1,0,0
FLEXID-0386,FLEXID-0386__name_02,contradiction,masculine,Minho,Yacine,contradiction,contradiction,0,1,1,0,0
FLEXID-0386,FLEXID-0386__name_03,contradiction,masculine,Minho,Enguerrand,contradiction,contradiction,0,1,1,0,0
FLEXID-0386,FLEXID-0386__name_04,contradiction,masculine,Minho,Salim,contradiction,contradiction,0,1,1,0,0
FLEXID-0387,FLEXID-0387__name_01,neutral,feminine,Salma,Martine,neutral,neutral,0,1,1,0,0
FLEXID-0387,FLEXID-0387__name_02,neutral,feminine,Salma,Tainá,neutral,neutral,0,1,1,0,0
FLEXID-0387,FLEXID-0387__name_03,neutral,feminine,Salma,Héloïse,neutral,neutral,0,1,1,0,0
FLEXID-0387,FLEXID-0387__name_04,neutral,feminine,Salma,Linda,neutral,neutral,0,1,1,0,0
FLEXID-0445,FLEXID-0445__name_01,entailment,feminine,Sofia,Mahaut,entailment,entailment,0,1,1,0,0
FLEXID-0445,FLEXID-0445__name_02,entailment,feminine,Sofia,Coline,entailment,entailment,0,1,1,0,0
FLEXID-0445,FLEXID-0445__name_03,entailment,feminine,Sofia,Joséphine,entailment,entailment,0,1,1,0,0
FLEXID-0445,FLEXID-0445__name_04,entailment,feminine,Sofia,Mathilde,entailment,entailment,0,1,1,0,0
FLEXID-0446,FLEXID-0446__name_01,contradiction,masculine,Felipe,Esteban,contradiction,contradiction,0,1,1,0,0
FLEXID-0446,FLEXID-0446__name_02,contradiction,masculine,Felipe,Émeric,contradiction,contradiction,0,1,1,0,0
FLEXID-0446,FLEXID-0446__name_03,contradiction,masculine,Felipe,Wandrille,contradiction,contradiction,0,1,1,0,0
FLEXID-0446,FLEXID-0446__name_04,contradiction,masculine,Felipe,Minjun,contradiction,contradiction,0,1,1,0,0
FLEXID-0449,FLEXID-0449__name_01,contradiction,feminine,Momoka,Miyu,entailment,entailment,0,0,0,0,0
FLEXID-0449,FLEXID-0449__name_02,contradiction,feminine,Momoka,Aïssatou,entailment,entailment,0,0,0,0,0
FLEXID-0449,FLEXID-0449__name_03,contradiction,feminine,Momoka,Déborah,entailment,neutral,1,0,0,0,0
FLEXID-0449,FLEXID-0449__name_04,contradiction,feminine,Momoka,Yerin,entailment,entailment,0,0,0,0,0
FLEXID-0499,FLEXID-0499__name_01,entailment,feminine,Élodie,Muriel,entailment,entailment,0,1,1,0,0
FLEXID-0499,FLEXID-0499__name_02,entailment,feminine,Élodie,Gaeun,entailment,entailment,0,1,1,0,0
FLEXID-0499,FLEXID-0499__name_03,entailment,feminine,Élodie,Nora,entailment,entailment,0,1,1,0,0
FLEXID-0499,FLEXID-0499__name_04,entailment,feminine,Élodie,Débora,entailment,entailment,0,1,1,0,0
FLEXID-0500,FLEXID-0500__name_01,contradiction,feminine,Élodie,Chloé,contradiction,contradiction,0,1,1,0,0
FLEXID-0500,FLEXID-0500__name_02,contradiction,feminine,Élodie,Graziella,contradiction,contradiction,0,1,1,0,0
FLEXID-0500,FLEXID-0500__name_03,contradiction,feminine,Élodie,Olympe,contradiction,contradiction,0,1,1,0,0
FLEXID-0500,FLEXID-0500__name_04,contradiction,feminine,Élodie,Yvette,contradiction,contradiction,0,1,1,0,0
FLEXID-0501,FLEXID-0501__name_01,neutral,feminine,Élodie,Prisca,neutral,neutral,0,1,1,0,0
FLEXID-0501,FLEXID-0501__name_02,neutral,feminine,Élodie,Sama,neutral,neutral,0,1,1,0,0
FLEXID-0501,FLEXID-0501__name_03,neutral,feminine,Élodie,Itzel,neutral,neutral,0,1,1,0,0
FLEXID-0501,FLEXID-0501__name_04,neutral,feminine,Élodie,Naomie,neutral,neutral,0,1,1,0,0
FLEXID-0527,FLEXID-0527__name_01,contradiction,feminine,Élodie,Yvette,contradiction,contradiction,0,1,1,0,0
FLEXID-0527,FLEXID-0527__name_02,contradiction,feminine,Élodie,Keiko,contradiction,contradiction,0,1,1,0,0
FLEXID-0527,FLEXID-0527__name_03,contradiction,feminine,Élodie,Bertille,contradiction,contradiction,0,1,1,0,0
FLEXID-0527,FLEXID-0527__name_04,contradiction,feminine,Élodie,Solène,contradiction,contradiction,0,1,1,0,0
FLEXID-0528,FLEXID-0528__name_01,neutral,masculine,Murilo,Bruno,neutral,neutral,0,1,1,0,0
FLEXID-0528,FLEXID-0528__name_02,neutral,masculine,Murilo,Amir,neutral,neutral,0,1,1,0,0
FLEXID-0528,FLEXID-0528__name_03,neutral,masculine,Murilo,Adil,neutral,neutral,0,1,1,0,0
FLEXID-0528,FLEXID-0528__name_04,neutral,masculine,Murilo,Mateo,neutral,neutral,0,1,1,0,0
FLEXID-0562,FLEXID-0562__name_01,entailment,feminine,Chloé,Cecília,entailment,entailment,0,1,1,0,0
FLEXID-0562,FLEXID-0562__name_02,entailment,feminine,Chloé,Frida,entailment,entailment,0,1,1,0,0
FLEXID-0562,FLEXID-0562__name_03,entailment,feminine,Chloé,Soojin,entailment,entailment,0,1,1,0,0
FLEXID-0562,FLEXID-0562__name_04,entailment,feminine,Chloé,Christine,entailment,entailment,0,1,1,0,0
FLEXID-0593,FLEXID-0593__name_01,contradiction,feminine,Sofia,Bruna,contradiction,contradiction,0,1,1,0,0
FLEXID-0593,FLEXID-0593__name_02,contradiction,feminine,Sofia,Nadège,contradiction,contradiction,0,1,1,0,0
FLEXID-0593,FLEXID-0593__name_03,contradiction,feminine,Sofia,Juliana,contradiction,contradiction,0,1,1,0,0
FLEXID-0593,FLEXID-0593__name_04,contradiction,feminine,Sofia,Léonie,contradiction,contradiction,0,1,1,0,0
FLEXID-0622,FLEXID-0622__name_01,entailment,feminine,Sofia,Félicie,entailment,entailment,0,1,1,0,0
FLEXID-0622,FLEXID-0622__name_02,entailment,feminine,Sofia,Momoka,entailment,entailment,0,1,1,0,0
FLEXID-0622,FLEXID-0622__name_03,entailment,feminine,Sofia,Naomie,entailment,entailment,0,1,1,0,0
FLEXID-0622,FLEXID-0622__name_04,entailment,feminine,Sofia,Béatrice,entailment,entailment,0,1,1,0,0
FLEXID-0623,FLEXID-0623__name_01,contradiction,masculine,Pacôme,Bilal,contradiction,contradiction,0,1,1,0,0
FLEXID-0623,FLEXID-0623__name_02,contradiction,masculine,Pacôme,Felipe,contradiction,contradiction,0,1,1,0,0
FLEXID-0623,FLEXID-0623__name_03,contradiction,masculine,Pacôme,Numa,contradiction,contradiction,0,1,1,0,0
FLEXID-0623,FLEXID-0623__name_04,contradiction,masculine,Pacôme,Diego,contradiction,contradiction,0,1,1,0,0
FLEXID-0796,FLEXID-0796__name_01,entailment,feminine,Yvette,Fabiana,entailment,entailment,0,1,1,0,0
FLEXID-0796,FLEXID-0796__name_02,entailment,feminine,Yvette,Félicie,entailment,entailment,0,1,1,0,0
FLEXID-0796,FLEXID-0796__name_03,entailment,feminine,Yvette,Mariam,entailment,entailment,0,1,1,0,0
FLEXID-0796,FLEXID-0796__name_04,entailment,feminine,Yvette,Samia,entailment,neutral,1,1,0,1,0
FLEXID-0798,FLEXID-0798__name_01,neutral,masculine,Donghyun,Hamza,neutral,neutral,0,1,1,0,0
FLEXID-0798,FLEXID-0798__name_02,neutral,masculine,Donghyun,Dimitri,neutral,neutral,0,1,1,0,0
FLEXID-0798,FLEXID-0798__name_03,neutral,masculine,Donghyun,Didier,neutral,neutral,0,1,1,0,0
FLEXID-0798,FLEXID-0798__name_04,neutral,masculine,Donghyun,Kilian,neutral,neutral,0,1,1,0,0
FLEXID-0868,FLEXID-0868__name_01,entailment,feminine,Juliette,Aïcha,entailment,entailment,0,1,1,0,0
FLEXID-0868,FLEXID-0868__name_02,entailment,feminine,Juliette,Yejin,entailment,entailment,0,1,1,0,0
FLEXID-0868,FLEXID-0868__name_03,entailment,feminine,Juliette,Flavie,entailment,entailment,0,1,1,0,0
FLEXID-0868,FLEXID-0868__name_04,entailment,feminine,Juliette,Yuna,entailment,entailment,0,1,1,0,0
FLEXID-0869,FLEXID-0869__name_01,contradiction,feminine,Sofia,Aline,neutral,neutral,0,0,0,0,0
FLEXID-0869,FLEXID-0869__name_02,contradiction,feminine,Sofia,Christine,neutral,neutral,0,0,0,0,0
FLEXID-0869,FLEXID-0869__name_03,contradiction,feminine,Sofia,Marina,neutral,neutral,0,0,0,0,0
FLEXID-0869,FLEXID-0869__name_04,contradiction,feminine,Sofia,Léonie,neutral,neutral,0,0,0,0,0
FLEXID-0870,FLEXID-0870__name_01,neutral,feminine,Sakura,Tomoko,neutral,neutral,0,1,1,0,0
FLEXID-0870,FLEXID-0870__name_02,neutral,feminine,Sakura,Araceli,neutral,neutral,0,1,1,0,0
FLEXID-0870,FLEXID-0870__name_03,neutral,feminine,Sakura,Roxane,neutral,neutral,0,1,1,0,0
FLEXID-0870,FLEXID-0870__name_04,neutral,feminine,Sakura,Solange,neutral,neutral,0,1,1,0,0
FLEXID-0871,FLEXID-0871__name_01,entailment,masculine,Andrés,Idriss,entailment,entailment,0,1,1,0,0
FLEXID-0871,FLEXID-0871__name_02,entailment,masculine,Andrés,Kaito,entailment,entailment,0,1,1,0,0
FLEXID-0871,FLEXID-0871__name_03,entailment,masculine,Andrés,Abel,entailment,entailment,0,1,1,0,0
FLEXID-0871,FLEXID-0871__name_04,entailment,masculine,Andrés,Haruto,entailment,entailment,0,1,1,0,0
FLEXID-0872,FLEXID-0872__name_01,contradiction,feminine,Soojin,Martine,contradiction,contradiction,0,1,1,0,0
FLEXID-0872,FLEXID-0872__name_02,contradiction,feminine,Soojin,Aïssatou,contradiction,contradiction,0,1,1,0,0
FLEXID-0872,FLEXID-0872__name_03,contradiction,feminine,Soojin,Estelle,contradiction,contradiction,0,1,1,0,0
FLEXID-0872,FLEXID-0872__name_04,contradiction,feminine,Soojin,Irène,contradiction,contradiction,0,1,1,0,0
FLEXID-0913,FLEXID-0913__name_01,entailment,feminine,Mariana,Adelaïde,entailment,entailment,0,1,1,0,0
FLEXID-0913,FLEXID-0913__name_02,entailment,feminine,Mariana,Citlali,entailment,entailment,0,1,1,0,0
FLEXID-0913,FLEXID-0913__name_03,entailment,feminine,Mariana,Mathilde,entailment,entailment,0,1,1,0,0
FLEXID-0913,FLEXID-0913__name_04,entailment,feminine,Mariana,Dorcas,entailment,entailment,0,1,1,0,0
